ts,open,high,low,close,volume,quote_volume,num_trades,taker_buy_base_volume,taker_buy_quote_volume,close_delta_1h,close_pct_change_1h,volume_delta_1h,volume_pct_change_1h,cvd_ratio_6h,cvd_zscore_6h,liquidity_range_ratio_6h,liquidity_close_position_ratio,volatility_realized_24h,volatility_ewm_24h,volatility_realized_72h,volatility_ewm_72h,volatility_garch_like,intrabar_path_range,intrabar_quote_volume_sum,intrabar_realized_vol_15m,intrabar_taker_imbalance_mean,intrabar_taker_imbalance_persistence,intrabar_vol_term_structure_6h_24h,intrabar_volume_regime_transition,intrabar_volume_regime_zscore_24h,intrabar_volume_sum,intrabar_wick_asymmetry_mean,intrabar_wick_asymmetry_persistence,ret_1h
2026-02-03T12:00:00Z,78143.88,78300.43,78019.92,78198.51,0.21436,16753.3617418,31.0,0.14641,11441.9699687,86.95999999999185,0.0011132796622266294,-0.029689999999999994,-0.12165539848391727,-0.07612828606539601,1.3224117950140388,0.519780606667027,0.2733235891769072,0.0,0.0024551772870889483,0.0,0.0016131028457522715,0.003094462706097085,0.003587152747539496,16753.3617418,0.0,0.36601977980966616,0.0,0.0,0.024956775642441698,-0.8524595489532801,0.21436,-0.07857117393322363,0.0,0.002243009489567127
2026-02-03T14:00:00Z,78371.02,78424.77,78257.8,78294.44,0.6027,47229.8892248,32.0,0.50229,39364.2135123,-79.47000000000116,-0.001013985393863881,0.44715000000000005,2.874638379942141,0.242185009816376,1.6915476912131968,0.36747449774964275,-0.5611187638498034,0.0,0.002356651657682175,0.0,0.0016197012913170639,0.003151772420074393,0.0021325907688975253,47229.8892248,0.0,0.6667994026879044,0.0,0.0,1.07619558261721,0.17628261217876093,0.6027,0.10247349823321832,0.0,-0.013899198972494031
2026-02-03T15:00:00Z,78322.32,78409.58,77206.21,77206.21,0.8329,64884.1027007,138.0,0.19896,15548.0597623,-1088.229999999996,-0.013899198972494031,0.23019999999999996,0.3819479011116642,0.07459916638778184,1.085920125702864,2.1443183235624312,-1.0,0.017580195453135113,0.004558739447963145,0.0,0.0028140517355360866,0.004442485706240902,0.015586440520781881,64884.1027007,0.0,-0.5222475687357426,0.0,0.0,0.5355799459160515,0.7118625580948125,0.8329,0.07251302591887375,0.0,0.011922875115874643
2026-02-03T16:00:00Z,77285.82,78170.57,77048.41,78126.73,0.88672,68831.0628095,135.0,0.62946,48897.325569,920.5199999999895,0.011922875115874643,0.05381999999999998,0.0646176011525994,0.18507771738390083,1.380075009486844,1.8704381234946679,0.9218649746916466,0.02120239733803027,0.005509791954584541,0.0,0.00339862532747401,0.005077994718449723,0.01436332993842189,68831.0628095,0.0,0.41974918801876593,0.0,0.0,0.08422408536817161,0.7960866434629841,0.88672,-0.17249768303984445,0.0,-0.020869041875936634
2026-02-03T17:00:00Z,77981.24,77981.24,76489.63,76496.3,2.20724,169560.9700714,211.0,0.80071,61552.0186308,-1630.429999999993,-0.020869041875936634,1.3205200000000001,1.4892186936124143,-0.024000555162088922,0.45478427577393743,1.8735680790487466,-0.9910566434925946,0.02990526063676304,0.00796943032230168,0.0,0.004839424798862807,0.0068151724386249935,0.01949911302899618,169560.9700714,0.0,-0.27446947318823506,0.0,0.0,1.9139210880176813,2.7100077314806654,2.20724,-0.004471678253697851,0.0,-0.02114546716638588
2026-02-03T18:00:00Z,76527.18,76527.18,74878.75,74878.75,4.06493,307806.1937552,386.0,0.62791,47689.120179,-1617.550000000003,-0.02114546716638588,1.8576900000000003,0.8416348018339648,-0.3434452871072589,-2.5046904402012333,1.609606296137172,-1.0,0.03675727196717628,0.009745392161753085,0.0,0.005940766009237901,0.008101884920633351,0.022014657028863235,307806.1937552,0.0,-0.6910598706496791,0.0,0.0,0.4411129855504612,3.1511207170311266,4.06493,0.0,0.0,-0.022287898769677628
2026-02-03T19:00:00Z,74940.7,75254.4,73150.0,73209.86,12.3189,912024.4683591,491.0,6.35096,470174.1614826,-1668.8899999999994,-0.022287898769677628,8.253969999999999,2.0305318910780747,-0.128760091023024,-1.832879576505632,1.6018410566284762,-0.9431096749667357,0.04311786025936686,0.011314551753632834,0.0,0.006945864460817346,0.009245492246729416,0.02874476197605069,912024.4683591,0.0,0.031092061791231373,0.0,0.0,0.504532351539853,3.6556530685709796,12.3189,0.12062345561680156,0.0,0.025154671788745198
2026-02-04T11:00:00Z,76134.5,76303.16,76099.26,76287.17,0.4714,35944.0475502,49.0,0.37545,28627.7859184,174.56999999999243,0.0022935755709303507,0.30952999999999997,1.9122135046642366,0.12479653581228091,0.1676786640920755,0.48218128502851065,0.843158410985804,0.05539765289687158,0.008457261273036833,0.0,0.007499867115641247,0.006512764329109414,0.0026727954386040107,35944.0475502,0.0,0.59291472210437,0.0,0.0,0.11386269894119466,-0.46579434155873073,0.4714,-0.09440902403138389,0.0,-0.00326227857187511
2026-02-04T12:00:00Z,76281.3,76281.3,75684.31,76038.3,0.19652,14946.6633062,54.0,0.09655,7344.5662883,-248.86999999999534,-0.00326227857187511,-0.27488,-0.5831141281289776,0.10804939624635516,0.15006620345311472,1.3201755840824398,0.18591601199353225,0.055482783073180705,0.008164400132534316,0.0,0.007416164359560777,0.00630145645864605,0.00785117499996719,14946.6633062,0.0,-0.017402808874414852,0.0,0.0,0.10490878065258785,-0.5707031222113186,0.19652,-0.592958005996754,0.0,0.001504504966576059
2026-02-04T13:00:00Z,76051.27,76268.06,75997.49,76152.7,0.57049,43427.8053031,58.0,0.31486,23970.5994038,114.39999999999418,0.001504504966576059,0.37397,1.9029615306330148,0.1520512040209294,0.1887813224861795,0.6723516694691117,0.14728166463394662,0.05545790765969134,0.00784255353268143,0.0,0.007318099469890857,0.0060704633158785255,0.003552992868276403,43427.8053031,0.0,0.10382302932566721,0.0,0.0,0.1351212631150689,-0.4355818590962497,0.57049,0.22759359869905557,0.0,-0.01627401260887662
2026-02-04T15:00:00Z,74843.59,75736.77,74245.86,74338.1,2.53654,190213.4908812,205.0,0.50657,38109.6186548,-575.2899999999936,-0.007679401506192618,1.35929,1.1546315565937566,-0.3563912891297929,-0.7699873283264768,1.9939682497224867,-0.876263490083231,0.05663294878486471,0.008753697918214868,0.034236209682340424,0.00771117763277616,0.006843627449550699,0.02005579911243364,190213.4908812,0.0,-0.6005818950223533,0.0,0.0,0.49673582284402595,0.2844894970692364,2.53654,0.5372155260880942,0.0,-0.0024342833620983884
2026-02-04T20:00:00Z,73482.22,73972.55,73110.96,73894.73,4.3446,319491.5460378,126.0,0.99175,73030.9157444,446.1299999999901,0.006074043616896674,-3.38692,-0.438066512147676,-0.6617211195188691,-2.954808656057555,0.622800127221556,0.8193572348796823,0.03828226328829735,0.008957324841260217,0.03624859111526925,0.00793025152509433,0.007049469120864815,0.011659694811795056,319491.5460378,0.0,-0.5434562445334438,0.0,0.0,1.642559775248563,1.1180895516799252,4.3446,-0.34057962604021513,0.0,-0.004940677095646717
2026-02-05T00:00:00Z,72648.19,73503.6,72485.07,73160.68,0.84369,61533.1047667,97.0,0.25727,18805.5897245,583.5099999999948,0.00803985605941926,-4.056760000000001,-0.8278341784938118,-0.7493213084308755,-1.6563201311531115,0.8036468792040312,0.3266374088146384,0.03489266839168901,0.008473277463613338,0.03716165559708237,0.007846642535121295,0.006688297865872871,0.01392182248716112,61533.1047667,0.0,-0.3901314463843355,0.0,0.0,1.5327605711097032,-0.5372512021502682,0.84369,0.17652891912856536,0.0,-0.003667543822719943
2026-02-05T01:00:00Z,73152.73,73310.95,72795.59,72892.36,0.68454,49979.9484107,87.0,0.4823,35233.6731885,-268.31999999999243,-0.003667543822719943,-0.15915,-0.1886356363119155,-0.6879641600769717,-0.9289643130820465,0.48817438227507304,-0.6244566904687548,0.035000901143271805,0.008193457546093968,0.037222154316693346,0.007762269550378588,0.006475725001674414,0.007070151110486759,49979.9484107,0.0,0.4091214538230052,0.0,0.0,0.06490867694283331,-0.6021598790931015,0.68454,0.1192370381868927,0.0,-0.0045541123925745275
2026-02-05T02:00:00Z,72869.23,73317.57,72001.16,72560.4,0.99483,72295.5976681,110.0,0.30854,22425.3466479,-331.9600000000064,-0.0045541123925745275,0.31028999999999995,0.4532824962748707,-0.703557509912991,-0.676896656231225,1.163428807105668,-0.15035589216127315,0.03480822815413752,0.007964226883133734,0.037315327965715225,0.007692391191677383,0.006307396630112409,0.018142264926874763,72295.5976681,0.0,-0.37971311681392805,0.0,0.0,0.13308915956009587,-0.46907071953300566,0.99483,-0.08424427040206268,0.0,-0.016256801230423057
2026-02-05T07:00:00Z,70761.28,70982.38,70309.36,70930.6,3.47643,245361.0434896,428.0,1.1527,81605.0235449,260.6000000000058,0.0036875619074572263,0.9975700000000001,0.4024309561653341,-0.2673871430572328,0.5163905895872363,0.6872190918017803,0.8461264152625739,0.03712062652129444,0.007866957466263211,0.03878550877240086,0.007735611038156802,0.006263416764790541,0.009488429535348694,245361.0434896,0.0,-0.33684843359423317,0.0,0.0,0.3515264163609556,0.3092658715527995,3.47643,-0.5945439957207765,0.0,-0.003569686425886842
2026-02-05T09:00:00Z,70807.0,71547.81,70713.56,71120.31,0.69255,49300.6729622,96.0,0.31467,22389.8105158,442.9100000000035,0.006266642519390908,-1.22127,-0.6381321127378751,-0.16127574964546265,0.7301558992988922,1.0214222164178486,-0.024872640095894516,0.037793626393885914,0.007513066916978638,0.039007527000287257,0.007616802605265089,0.006016925697881158,0.011730123223591123,49300.6729622,0.0,-0.09127138834741172,0.0,0.0,0.5093141116454047,-0.8616162126485091,0.69255,0.4004315253221428,0.0,0.007792429476193297
2026-02-05T10:00:00Z,71056.74,71955.87,71056.74,71674.51,1.45623,104252.2951084,100.0,0.78469,56195.3403959,554.1999999999971,0.007792429476193297,0.7636799999999999,1.1027073857483214,-0.2124950672906292,0.7012928303149195,1.0515381931517502,0.3741505677710756,0.0381509298580767,0.007533302852960374,0.03926412115288882,0.007620823761105167,0.0060494348870807,0.012544627092672,104252.2951084,0.0,0.07770063794867575,0.0,0.0,0.2810883800552073,-0.5805278325933018,1.45623,0.3129247161144703,0.0,-0.011696068797679926
2026-02-05T11:00:00Z,71653.35,71703.13,70667.7,70836.2,0.39042,27852.1506061,76.0,0.18084,12874.4878525,-838.3099999999977,-0.011696068797679926,-1.06581,-0.7318967470797881,-0.16891214808167707,0.8118310285253374,1.136941853378945,-0.6745313541234241,0.03985800249860072,0.007955113372331318,0.03984732944942655,0.007763891233014693,0.006391937449559954,0.014617243725665799,27852.1506061,0.0,-0.07361303211925616,0.0,0.0,0.44356244378322607,-1.0240902763765278,0.39042,-0.11465767845243068,0.0,-0.0068352057281445555
2026-02-05T12:00:00Z,70876.0,71042.3,69912.52,70352.02,1.59375,111894.5828093,280.0,0.2198,15461.6577095,-484.179999999993,-0.0068352057281445555,1.20333,3.0821423082833874,-0.2764658938172043,0.7377202682000183,1.2136644405851056,-0.22197241940908768,0.040311592261788945,0.007873019357809576,0.04004360283716801,0.00774050128117455,0.006334291397830967,0.016058956089675874,111894.5828093,0.0,-0.7241725490196078,0.0,0.0,0.4676751567811879,-0.55641511959534,1.59375,-0.24181699091858358,0.0,-0.011580904144614546
2026-02-05T13:00:00Z,70363.35,70559.27,69180.35,69537.28,2.68293,186815.8333617,191.0,1.18652,82542.1888879,-814.7400000000052,-0.011580904144614546,1.0891799999999998,0.6834070588235293,-0.2029508459626333,0.8502829772826892,1.3150940996948108,-0.4823049923128235,0.04193389489571941,0.00823897174956366,0.04060442336072837,0.007873455469855213,0.0066253515380569755,0.019829938703383253,186815.8333617,0.0,-0.11550431804035133,0.0,0.0,0.4246272515402093,-0.13178786805513065,2.68293,-0.11676529457836203,0.0,0.00042308240989585855
2026-02-05T14:00:00Z,69560.68,69890.38,69269.92,69566.7,1.72204,119725.0090038,138.0,1.33437,92787.5857832,29.419999999998254,0.00042308240989585855,-0.9608899999999998,-0.35814948582333483,-0.05811017203253249,0.9940115081036419,0.6273472269734629,-0.0433549302130579,0.038592896354389415,0.007903449683068539,0.04060515776924364,0.007765166529266629,0.006365115934037337,0.008918922415466112,119725.0090038,0.0,0.5497549418131984,0.0,0.0,0.4328646438375595,-0.5646525118926902,1.72204,0.05305740901913494,0.0,-0.0009688543512915704
2026-02-05T15:00:00Z,69752.1,70842.76,69319.55,69499.3,2.8252,198048.1180551,390.0,1.77074,124087.201008,-67.39999999999418,-0.0009688543512915704,1.1031600000000001,0.6406122970430421,0.026554345269278034,1.0613103879950376,1.3874840024108288,-0.7639852679538593,0.03782752887992256,0.007585678787149223,0.04060901419389919,0.007659736194127773,0.006124557961080387,0.021916911393352046,198048.1180551,0.0,0.2535324932748123,0.0,0.0,0.4791400523000602,-0.08551245959263001,2.8252,0.5980199709823293,0.0,-0.028825614070933092
2026-02-05T16:00:00Z,69406.74,69589.57,66749.05,67495.94,17.51602,1186022.6725465,912.0,4.04498,274608.8830467,-2003.3600000000006,-0.028825614070933092,14.69082,5.199922129406768,-0.3462676896233348,0.03269341964568132,1.9984146936325102,-0.47411741512117106,0.0477545742256477,0.011017283228049003,0.043980274792146966,0.008972344022600644,0.008805400033254463,0.042084309071034554,1186022.6725465,0.0,-0.5381393718436038,0.0,0.0,3.871903785128615,3.786391325535985,17.51602,-0.1985763170123769,0.0,0.012300295395545335
2026-02-05T17:00:00Z,67444.1,68639.35,66986.73,68326.16,7.48027,508718.8353498,370.0,3.95255,268572.9792794,830.2200000000012,0.012300295395545335,-10.03575,-0.5729469365757747,-0.26026715978404635,0.10075253628253461,1.084217282579107,0.6209775992060997,0.04882318164545894,0.011118752120143379,0.04454305306622688,0.00907700994720449,0.008846152475583145,0.024187221995206665,508718.8353498,0.0,0.05679340451614715,0.0,0.0,2.8021380177842192,0.9842533077517657,7.48027,-0.08724328641793437,0.0,-0.02996553589430473
2026-02-05T18:00:00Z,68269.3,68269.3,66180.75,66278.73,8.09386,542115.3700921,420.0,3.02873,202585.7612611,-2047.4300000000076,-0.02996553589430473,0.6135899999999994,0.08202778776701902,-0.24019005801541266,-0.0004690513246354121,1.2332572919967641,-0.9061741399535533,0.05572129103995714,0.013703449638386454,0.047881279985410495,0.01027101264817209,0.010849377021111602,0.03151161767885418,542115.3700921,0.0,-0.2515981249984556,0.0,0.0,0.12870746536714317,1.1129607731189088,8.09386,-0.046912930023219834,0.0,0.002476209185058531
2026-02-05T19:00:00Z,66231.48,66525.25,65400.0,66442.85,4.87196,321441.3950372,498.0,3.56997,235761.5441097,164.1200000000099,0.002476209185058531,-3.2218999999999998,-0.39806717684763515,-0.16717898532911,0.24678277543057908,0.6814555078138,0.8535436569651292,0.054577994280688394,0.013162487853187096,0.04790256563165279,0.01013760508076132,0.010355863398559859,0.016935607066825096,321441.3950372,0.0,0.4655169582673094,0.0,0.0,0.8073131559768105,0.3056476171420983,4.87196,-0.6657009553432586,0.0,-0.017244142898746873
2026-02-05T20:00:00Z,66320.14,66620.25,65222.4,65297.1,2.02538,133896.254875,552.0,0.88915,58806.529147,-1145.7500000000073,-0.017244142898746873,-2.8465799999999994,-0.5842781960443024,-0.19387826366434818,0.06508224951973574,0.78495179160045,-0.893121579568622,0.05696188940896574,0.013549783853218292,0.04894397449657848,0.010404085527526592,0.010613578231242598,0.02140753570985539,133896.254875,0.0,-0.12199192250343154,0.0,0.0,0.7349862628968866,-0.42933864575478836,2.02538,0.161254784132778,0.0,-0.02379385914535248
2026-02-05T23:00:00Z,63305.42,64554.12,62754.09,64077.91,5.28411,337889.9056375,300.0,4.20827,269256.2844754,765.5800000000017,0.012092115390477609,1.8374200000000003,0.5330969712970997,0.05372860950492954,1.3831954443404997,0.9274863734770818,0.47088659633451235,0.06227467306620351,0.014042040478875285,0.05150073607397775,0.010945518571050016,0.01084494904686432,0.028091272015582376,337889.9056375,0.0,0.5928018152536566,0.0,0.0,0.4151447896721808,0.30830910293169256,5.28411,-0.04173263778937149,0.0,-0.020659537740853384
2026-02-06T00:00:00Z,63930.7,64892.06,62754.09,62754.09,4.0586,256977.2138064,263.0,0.55663,35417.8990145,-1323.820000000007,-0.020659537740853384,-1.2255099999999999,-0.23192363520062975,0.03458697437193731,1.2899533419592482,1.1023181832633986,-1.0,0.06519061303238677,0.014706085484646483,0.052892286670449054,0.011334104064173142,0.011342039226095646,0.03406901446583006,256977.2138064,0.0,-0.7257034445375253,0.0,0.0,0.30979039377113277,-0.0014812908394401852,4.0586,0.4496601916771517,0.0,0.014004027466576252
2026-02-06T09:00:00Z,64729.88,65192.06,64517.95,65047.44,0.27105,17580.938721,70.0,0.09509,6165.8179089,202.10000000000582,0.0031166464698928475,-0.35558,-0.5674480953672821,-0.08734755766310213,0.3239372612439604,0.5195819871667245,0.5709305602943282,0.07832076833407557,0.014978736616755344,0.05950221071912749,0.012446802671757322,0.011176210940398293,0.010363359418910268,17580.938721,0.0,-0.29835823648773296,0.0,0.0,0.07054444085888978,-0.9483843870400123,0.27105,-0.09985017282046682,0.0,0.012191563572678588
2026-02-06T13:00:00Z,66566.22,66576.67,66229.78,66557.38,0.64978,43110.112485,73.0,0.46189,30636.5695859,-25.860000000000582,-0.0003883860262733352,-1.17195,-0.6433170667442486,0.47061615826975284,0.9721497304267845,0.4488751916735478,0.8887831877540379,0.07732244681601529,0.013253756672612834,0.06003552238669926,0.012018139016163684,0.009709389544211975,0.005211893857600756,43110.112485,0.0,0.42168118440087415,0.0,0.0,0.22564064124421834,-0.8235254100931786,0.64978,-0.9142667704459894,0.0,0.01261618170667167
2026-02-06T14:00:00Z,66551.22,67665.4,66506.0,67397.08,1.71067,115065.2523112,272.0,0.79834,53634.2271368,839.6999999999971,0.01261618170667167,1.0608899999999999,1.6326910646680415,0.3395505363848713,0.8980588727125985,1.4009183180280222,0.5371398999482598,0.07833112259161412,0.01319786851319322,0.060467472089567,0.012032659927516282,0.00968009122801337,0.017202525688056428,115065.2523112,0.0,-0.06663471037663594,0.0,0.0,0.22684564471397828,-0.5966797653792003,1.71067,0.19242711747454924,0.0,0.0108366712623158
2026-02-06T15:00:00Z,67325.76,68661.79,66635.3,68127.44,3.50664,238115.903872,402.0,1.49845,101591.3118098,730.3600000000006,0.0108366712623158,1.79597,1.0498635037733752,0.15692873462077842,0.7815244228888318,1.9244980199367423,0.47263495008611567,0.07906325664906338,0.013020864202813195,0.0602472997491344,0.01200004280763848,0.009546853842461676,0.029745576818973246,238115.903872,0.0,-0.1453642233020783,0.0,0.0,0.377317455928647,-0.2193623094505533,3.50664,-0.07703467572008808,0.0,0.00721104447781995
2026-02-07T04:00:00Z,70381.35,70926.67,70316.39,70926.67,0.57408,40588.7565624,121.0,0.38988,27566.5363469,557.75,0.007926084413403034,0.38493,2.0350515463917525,0.15650258169903314,1.1574605022372852,0.7130313881959772,1.0,0.05502544773569643,0.0112540415505715,0.056784339441363164,0.011632896662827548,0.008256128511597412,0.008604379706533506,40588.7565624,0.0,0.3582775919732441,0.0,0.0,0.2920870116584794,-0.865380660396179,0.57408,-0.10644294422233487,0.0,-0.00305512721801271
2026-02-07T05:00:00Z,70863.6,71669.46,70641.53,70709.98,3.28321,233628.9707314,256.0,2.26215,161107.0181934,-216.69000000000233,-0.00305512721801271,2.70913,4.719080964325529,0.14654480153897745,1.2075204815444074,1.248275610822368,-0.8668197250785484,0.05403308644128094,0.010829135099007436,0.05676816144362275,0.011483608935406158,0.007925617459713355,0.014537268996540625,233628.9707314,0.0,0.3780111537184646,0.0,0.0,1.4695152208608604,0.6041345604646814,3.28321,0.7173737511309117,0.0,-0.008697782123541664
2026-02-07T06:00:00Z,70736.21,71904.0,69967.26,70094.96,1.18738,83820.8719325,183.0,0.72554,51277.5646974,-615.0199999999895,-0.008697782123541664,-2.09583,-0.6383478364161902,0.4264975473020322,2.0788833621361453,2.0182398905120245,-0.868128917665764,0.05017320580925263,0.010676784616431682,0.056974456818194956,0.011417141564445017,0.007832598928597582,0.027630231902550557,83820.8719325,0.0,0.2220856002290756,0.0,0.0,1.1236490648145907,-0.5195145043499093,1.18738,0.5370313000196099,0.0,-0.018315724839560676
2026-02-08T06:00:00Z,69318.39,69439.23,69170.81,69246.41,0.35298,24448.7994459,59.0,0.30003,20784.5123633,-82.50999999999476,-0.001190123832882417,0.28628000000000003,4.292053973013494,0.8586024366562806,0.13576006915911668,0.7021891636182827,-0.4367036733476374,0.02877506272436731,0.005548610480911568,0.0553237872993002,0.008970797719838082,0.0045805459687991955,0.003876302035007999,24448.7994459,0.0,0.6999830018697943,0.0,0.0,0.33525209955173185,-0.5749969006304726,0.35298,0.16854183741893666,0.0,0.0005861675717195869
2026-02-08T07:00:00Z,69254.12,69441.45,69107.82,69287.0,0.19018,13190.4526253,47.0,0.09629,6674.2682075,40.58999999999651,0.0005861675717195869,-0.16280000000000003,-0.46121593291404617,0.6790582571536758,-0.7823181130145218,0.9499580017368511,0.07412402961359023,0.022059751689273287,0.0053246204839008104,0.05528399279077208,0.00884758833722348,0.00446098988918742,0.004815188996492706,13190.4526253,0.0,0.012619623514565219,0.0,0.0,0.13065160853920443,-0.705648509169677,0.19018,0.02442825884965073,0.0,0.005960714131078015
2026-02-08T08:00:00Z,69385.59,69700.0,69266.13,69700.0,0.06395,4444.1086116,33.0,0.06203,4310.6615358,413.0,0.005960714131078015,-0.12622999999999998,-0.6637396151014827,0.6958043326782907,-0.8112205524029198,1.1948720773319312,1.0,0.02070850035398478,0.005376710421671514,0.05535187668579133,0.008780821360192396,0.004547126748316162,0.006224820659971239,4444.1086116,0.0,0.9399530883502735,0.0,0.0,0.14543526073897228,-0.8510837699086493,0.06395,-0.2753359301173004,0.0,0.013284361549497747
2026-02-08T10:00:00Z,70670.31,70670.31,70153.66,70197.3,0.05265,3708.4577799,28.0,0.03837,2704.8035188,-428.61999999999534,-0.006068876695694669,-0.64374,-0.9243958126911644,0.4071616825385672,-0.9292150035462551,1.0241001668346017,-0.8310655182425243,0.024333171832281276,0.006344376337286095,0.05568790011753098,0.008865204462264286,0.005323323243787621,0.0073599696854436585,3708.4577799,0.0,0.45754985754985755,0.0,0.0,1.1073189717069918,-0.9643520384652506,0.05265,-0.08446724087873785,0.0,0.0028488275190070578
2026-02-08T11:00:00Z,70249.03,70431.66,69902.64,70397.28,0.49487,34741.5723699,54.0,0.35651,25046.3556331,199.97999999999593,0.0028488275190070578,0.44221999999999995,8.399240265906931,0.3964516860973951,-0.7660760367746862,0.9853935060863148,0.8700238176250534,0.02446473632561644,0.0061382768633760736,0.055296485884009844,0.008755590681260073,0.005187353006735161,0.007514778980097016,34741.5723699,0.0,0.44082284236264074,0.0,0.0,0.760166514312658,-0.20418552415259264,0.49487,-0.5897886658349256,0.0,0.008250602864201761
2026-02-08T14:00:00Z,71271.63,71509.0,70983.0,71509.0,2.14834,152892.0705565,93.0,1.62605,115645.4561385,263.4499999999971,0.0036977748083915074,1.9857,12.209173635022134,0.1886960310463973,-0.4965681684967723,0.7636894232886597,1.0,0.022773024763377198,0.006003519934152409,0.05503174748646812,0.008545787225751954,0.005135993818765704,0.007355717462137633,152892.0705565,0.0,0.5137734250630719,0.0,0.0,3.0138992140680503,2.1916408946079753,2.14834,-0.5487262357414537,0.0,-0.0036152092743571007
2026-02-08T15:00:00Z,71537.25,71570.17,71129.78,71250.48,0.32207,22980.2755219,55.0,0.19197,13697.5483388,-258.5200000000041,-0.0036152092743571007,-1.82627,-0.8500842510961952,0.17783971422494035,-0.5442121727115997,0.7696031316079212,-0.45184949703676297,0.022296765237021732,0.005848781332432416,0.055068615533329805,0.008449202216474641,0.0050394887148921845,0.006180870641152164,22980.2755219,0.0,0.19210109603502337,0.0,0.0,2.7246990475929103,-0.5330581529849348,0.32207,-0.19932332705102057,0.0,-0.0015337440533733648
2026-02-08T17:00:00Z,71134.97,71227.57,70277.25,70440.01,0.15595,11038.2093671,66.0,0.10067,7139.5403522,-701.1900000000023,-0.009856313922171678,-0.04275999999999999,-0.21518796235720394,0.13723362114957047,-0.5945402024275731,1.4030349484127753,-0.6574627493896928,0.02338237572119867,0.006080814951014468,0.05225945455170567,0.0083834174025625,0.0052424039470067765,0.013491196267575872,11038.2093671,0.0,0.29105482526450777,0.0,0.0,0.08494418407719151,-0.7549932079411981,0.15595,-0.07382776327972518,0.0,0.004994604628818289
2026-02-08T19:00:00Z,70817.0,71414.47,70811.33,71172.44,0.26901,19132.144109,83.0,0.14299,10175.2845998,380.6100000000006,0.005376467877719726,-0.18022999999999995,-0.40118867420532445,0.44974204982897403,0.5865937856721335,0.993736355772788,0.19743343170742517,0.023914811766124467,0.005951788995838587,0.04937951302379891,0.008242119499300787,0.005168718136817393,0.00847434765479446,19132.144109,0.0,0.06308315675997168,0.0,0.0,0.35814835227886127,-0.5196281680184861,0.26901,0.39188248167921347,0.0,0.003577929884095443
2026-02-08T21:00:00Z,71310.08,71310.08,70754.72,70857.74,1.07446,76278.1273901,74.0,0.71303,50686.0989365,-569.3499999999913,-0.007971065319894666,0.15705999999999998,0.17120122084150857,0.22452908374853592,-0.35451847797826735,0.8937478207225781,-0.6289974070872543,0.025189827238422915,0.006003780483234187,0.04658083835123406,0.008145909316684677,0.005226480148365701,0.007837675884102436,76278.1273901,0.0,0.3272341455242635,0.0,0.0,0.3136074837220254,1.0800979493338068,1.07446,-0.18550129645635977,0.0,-0.0029545113914162258
2026-02-08T23:00:00Z,70700.27,71083.33,70700.27,71083.33,1.16125,82344.7369998,64.0,0.10113,7173.8153759,434.9400000000023,0.006156403564185897,0.6962999999999999,1.497580384987633,-0.03679856836803635,-1.654976513905334,0.7685691737670658,1.0,0.026042449544419394,0.005845230521026518,0.04606237485971884,0.008002189449189373,0.005128691409792779,0.005388886536407307,82344.7369998,0.0,-0.8258256189451022,0.0,0.0,1.3275887685055112,1.1718240022961863,1.16125,0.0,0.0,-0.010799297106649508
2026-02-09T01:00:00Z,70394.02,70773.31,70153.66,70543.82,0.51875,36544.0371799,78.0,0.44812,31566.3572824,228.14000000001397,0.003244511039358633,-1.6992399999999999,-0.7661170699597383,0.12324856801158184,-0.15940317384683356,0.7646900330524408,0.25929153554428197,0.028282898376756117,0.006199624634858137,0.0442131619155678,0.008000210183469008,0.005388489078810451,0.00878390197752254,36544.0371799,0.0,0.7276915662650602,0.0,0.0,2.7680187867042036,-0.12474146215020869,0.51875,-0.017542160897296856,0.0,-0.0014761037891058981
2026-02-09T06:00:00Z,70999.14,71089.51,70840.88,71089.51,0.59273,42066.1386068,60.0,0.42429,30114.5589949,81.19999999999709,0.001143528130721494,0.32957,1.2523559811521507,0.5855192129620271,1.1766051905788952,0.42167360137486515,0.9999999999999415,0.02921789345320446,0.005572179483159345,0.037412297950503305,0.007608846128254066,0.004965816175536568,0.0034974217715101727,42066.1386068,0.0,0.4316467869012873,0.0,0.0,0.5478309221505905,-0.04787818199317649,0.59273,-0.6365281743956926,0.0,-0.006303602317697776
2026-02-09T07:00:00Z,70940.0,70940.0,70350.87,70641.39,0.3118,22012.6144172,46.0,0.10228,7216.6498249,-448.11999999999534,-0.006303602317697776,-0.28092999999999996,-0.47395947564658436,0.4250878152966306,0.26013304540033666,0.9666452450946955,-0.013732113455428248,0.029888613897891277,0.005635976949819477,0.03609367226326158,0.0075765381960913505,0.005019239380762511,0.008339728309423197,22012.6144172,0.0,-0.34393842206542663,0.0,0.0,0.49555832119889864,-0.5434365031920751,0.3118,-0.4931339432722859,0.0,-0.0022651026544069364
2026-02-09T08:00:00Z,70630.87,70876.43,70370.56,70481.38,0.24056,17000.5457763,46.0,0.1591,11249.1522432,-160.00999999999476,-0.0022651026544069364,-0.07124000000000003,-0.22847979474021818,0.3479437718526272,-0.16785300440951964,0.9186139770529553,-0.5618637199280131,0.029379450257495974,0.005443756436961765,0.03601461408397813,0.0074814508291209305,0.004891891694732591,0.007177356629509741,17000.5457763,0.0,0.3227469238443631,0.0,0.0,0.14338590541205465,-0.6868224086041298,0.24056,0.2663530155968765,0.0,-0.00796564993477722
2026-02-09T09:00:00Z,70434.29,70581.71,69441.45,69919.95,0.17713,12372.7073035,75.0,0.09295,6481.0413547,-561.4300000000076,-0.00796564993477722,-0.06342999999999999,-0.2636764216827402,0.2671359228303774,-0.5481819993447143,1.8135780575282245,-0.16071773104380388,0.027440020148445578,0.005690393990797304,0.03626492664799864,0.007496063826495934,0.005073024777280769,0.016308078023511308,12372.7073035,0.0,0.04951165810421724,0.0,0.0,0.0639833493073213,-0.7508057579114511,0.17713,-0.29035483135423895,0.0,-0.006071514639241049
2026-02-09T14:00:00Z,69109.39,69282.29,68615.6,68615.6,0.09298,6418.8155365,38.0,0.03079,2129.4637988,-447.56999999999243,-0.006480588713202562,-1.9765,-0.9550708390513559,0.2640650066092326,0.4888855122013371,0.8961670038376843,-1.0,0.028522741825617738,0.005875621949641471,0.03541780027533959,0.0073518870952107036,0.005208494879350844,0.009716303581109656,6418.8155365,0.0,-0.3377070337707033,0.0,0.0,3.153229595193431,-0.9192422994858612,0.09298,0.25934092306768863,0.0,0.009615889098105734
2026-02-09T15:00:00Z,68644.0,69662.56,68327.96,69275.4,0.76887,52990.1481713,96.0,0.49065,33830.5925665,659.7999999999884,0.009615889098105734,0.6758900000000001,7.269197676919768,0.2741513693631202,0.7894997009686255,1.7191253663092085,0.41981117937956947,0.029866596935439152,0.006252024882754141,0.03530189943341763,0.007421493431187338,0.005476748563867495,0.01926513596457027,52990.1481713,0.0,0.27628857934371204,0.0,0.0,1.1962226308767672,0.27698033139090594,0.76887,0.05328937509366879,0.0,0.0042445081515227745
2026-02-09T16:00:00Z,69359.16,69940.25,68893.93,69569.44,0.49347,34232.2127012,96.0,0.42101,29204.6111215,294.04000000000815,0.0042445081515227745,-0.27540000000000003,-0.35818799016738856,0.42085668050066616,1.6458019800838615,1.2387225092047178,0.29121110176619924,0.03012635567201156,0.006115223962903124,0.03514249721537074,0.007352622728414,0.005375154064680457,0.015039937075819597,34232.2127012,0.0,0.7063245992664193,0.0,0.0,0.5279908637517812,-0.2510105323608752,0.49347,-0.09024007951679426,0.0,0.006979213861718403
2026-02-09T17:00:00Z,69569.44,70416.89,69171.45,70054.98,0.44546,31075.1561358,93.0,0.37097,25885.5265349,485.5399999999936,0.006979213861718403,-0.04801,-0.09729061543761519,0.5868237487942353,2.039386389586033,1.4813029274636123,0.4188238694758434,0.02928917506321014,0.006186599848990055,0.03359413683277208,0.0073420151368056765,0.005424171345687835,0.017778036622093138,31075.1561358,0.0,0.6655591972343196,0.0,0.0,0.11600899153202077,-0.367019523892896,0.44546,-0.0289696813977403,0.0,0.008071232052311084
2026-02-09T21:00:00Z,70843.91,71081.77,70526.87,70815.53,1.48033,104744.5015855,48.0,1.27303,90070.9505343,-79.24000000000524,-0.0011177129145070186,1.22501,4.797939840200533,0.7216522522076015,2.306475259245549,0.599144850024842,0.04040367633804893,0.02942529256095939,0.0060660867786180486,0.031138201875682708,0.007198664967527092,0.00532534002340602,0.007835851825157685,104744.5015855,0.0,0.7199273135044215,0.0,0.0,2.0896595562509135,1.3505333867756495,1.48033,-0.09154802667147614,0.0,-0.006482900007950154
2026-02-10T03:00:00Z,70459.99,70464.38,70054.04,70121.54,0.25094,17663.8363785,67.0,0.20496,14431.2662738,-248.6200000000099,-0.0035330316145367746,0.11254,0.813150289017341,0.44884799342156645,-0.712871724114202,0.7340652001502835,-0.67100453282641,0.028746306614589406,0.005678308614585753,0.029359050920318222,0.006907269228323073,0.005068005171577497,0.005851839534613916,17663.8363785,0.0,0.6335378975053798,0.0,0.0,0.2363160945967756,-0.6167035292906994,0.25094,-0.1537992883949868,0.0,-0.008645417656257925
2026-02-10T04:00:00Z,70130.28,70130.28,69247.61,69515.31,1.33951,93143.0332242,94.0,1.10007,76479.6424076,-606.2299999999959,-0.008645417656257925,1.08857,4.337969235673866,0.705547924710599,0.29560546867433696,1.6150243045602126,-0.39343129368848984,0.029030356384717185,0.0059745544765631665,0.029433131786595804,0.006961956632237895,0.005280713825581295,0.012697490667883065,93143.0332242,0.0,0.642496136646983,0.0,0.0,2.038891400919717,1.4221878716290177,1.33951,-0.30328435315576335,0.0,0.0049450977058149714
2026-02-10T05:00:00Z,69549.39,69859.07,69549.39,69859.07,0.30617,21362.4420988,90.0,0.20804,14514.7613093,343.7600000000093,0.0049450977058149714,-1.03334,-0.7714313442975417,0.6431071562456843,0.0025547668326910277,0.5782826553795479,0.999999999999953,0.0292779931069601,0.005897996767576943,0.029517785325699854,0.00691430408338689,0.005226282152703524,0.004432924744059827,21362.4420988,0.0,0.3589835712186041,0.0,0.0,1.9905920447999579,-0.5684041731709403,0.30617,0.0,0.0,-0.006205207140604685
2026-02-10T13:00:00Z,68663.23,68835.84,68472.9,68624.89,0.26573,18252.1722432,51.0,0.21334,14651.8519924,66.08999999999651,0.0009639900348312747,-0.23099999999999998,-0.46504137056348516,-0.28318688447248924,-1.5303648553820457,0.8910147299509006,-0.16245109384468914,0.02723024012755596,0.005129216324181925,0.026058313500595075,0.006478932099513767,0.004719929436181024,0.00528875164681506,18252.1722432,0.0,0.6056899860760921,0.0,0.0,0.38440690381877535,-0.48368286288737306,0.26573,0.056813798423968734,0.0,0.005384780944639678
2026-02-10T15:00:00Z,69052.41,69627.2,67932.62,68506.06,0.51193,35172.0130316,157.0,0.38142,26248.5505903,-488.3600000000006,-0.00707825357470937,0.20655,0.6763704237343637,0.023099840244095567,-1.0320138083894996,2.4786036420370046,-0.323206930330826,0.026209336331775246,0.005331713559047068,0.02630645461663327,0.0064698465399862645,0.004875009525915167,0.02473620581887211,35172.0130316,0.0,0.4901256031098001,0.0,0.0,0.5108951389871075,0.09295825458958151,0.51193,0.0007966575788639471,0.0,0.011773265022101853
2026-02-10T18:00:00Z,69497.67,69991.5,69324.01,69882.38,1.0079,70219.1913947,165.0,0.22949,15998.7564383,338.75,0.004871042825920879,0.75311,2.9558067428078023,0.1251420361532566,-0.6419810759342663,0.7461393000531004,0.6730437909182108,0.026975460877499115,0.00584089523770949,0.027052592328127168,0.006557764138856761,0.005221341277421836,0.009551620880685592,70219.1913947,0.0,-0.5446175215795218,0.0,0.0,1.6810422011665522,1.2121394463261976,1.0079,-0.0966905871249122,0.0,-0.01345503687767935
2026-02-10T22:00:00Z,68743.78,69000.0,68390.01,68638.12,0.29346,20161.0155002,73.0,0.17789,12221.7681608,-121.02999999999884,-0.0017602020967391052,0.03671000000000002,0.14297955209347624,0.09070471789427674,-0.4758673882525651,0.8441833430208444,-0.18651125428288604,0.028617078505756476,0.006134234390504554,0.02804138659900753,0.006613771251699272,0.005393502108626284,0.008887044109017049,20161.0155002,0.0,0.21236284331765823,0.0,0.0,0.15138663999180774,-0.25261744338269776,0.29346,0.013295299922950397,0.0,0.0015007695432218693
2026-02-11T01:00:00Z,68853.63,69261.27,68789.45,69236.11,0.27648,19093.6352227,98.0,0.21835,15077.9628321,398.25,0.005785333826472838,0.042649999999999993,0.18239746824616176,0.5821122023409125,0.7611368236208741,1.0842947097485922,0.8933491585774104,0.028675575798146197,0.005679888066492495,0.02822350812053545,0.006423941555615659,0.005075475025461507,0.006814652065230224,19093.6352227,0.0,0.5794994212962962,0.0,0.0,0.17527208589119253,-0.2957939524585136,0.27648,-0.0827010300538415,0.0,-0.002370439355994902
2026-02-11T02:00:00Z,69219.13,69292.1,68939.29,69071.99,0.24367,16818.6146048,52.0,0.19618,13538.8000867,-164.11999999999534,-0.002370439355994902,-0.032810000000000006,-0.11867042824074081,0.6343626532341816,0.8154774809683868,0.8785911728328631,-0.24775374847651843,0.027696840353978718,0.005489155187118233,0.02821425321386541,0.006347498099740109,0.004946313639551055,0.0051078592060256585,16818.6146048,0.0,0.6102105306356957,0.0,0.0,0.13411027870284653,-0.4299042311613601,0.24367,-0.16929792239451377,0.0,-0.005555797654012817
2026-02-11T03:00:00Z,69033.85,69221.58,68615.6,68688.24,0.18989,13087.8729162,79.0,0.06537,4511.6765197,-383.75,-0.005555797654012817,-0.053779999999999994,-0.22070833504329623,0.5289554168635158,0.5192734195801308,1.4096874624400286,-0.7602561140631467,0.028029050377618093,0.005495771023179747,0.028386164602514283,0.006327500850625791,0.004956952646181749,0.008822179750128929,13087.8729162,0.0,-0.31149612933803783,0.0,0.0,0.17814682297716855,-0.6080510541385287,0.18989,0.1899237598600569,0.0,-0.007649198756584874
2026-02-11T04:00:00Z,68688.24,68736.27,68035.18,68162.83,0.68181,46568.8147482,89.0,0.32086,21888.8221272,-525.4100000000035,-0.007649198756584874,0.49192,2.5905524250882093,0.37481159521890023,0.49214705940447284,1.5753002460388585,-0.6358527435849907,0.027734347453721064,0.005701236345376201,0.028689065466585104,0.0063683376408619876,0.005105123847071272,0.010285517781465515,46568.8147482,0.0,-0.05879937225913388,0.0,0.0,2.246439389907251,1.6383883357687221,0.68181,-0.11356601862814851,0.0,-0.009531734524520274
2026-02-11T08:00:00Z,66815.36,67234.06,66670.82,67044.71,0.4175,27991.9019071,60.0,0.37869,25394.5595584,244.72000000000116,0.003663473602316447,-1.11653,-0.7278410461333873,-0.046482614391653874,-0.7962036408511853,0.8334069055997778,0.32764008238053266,0.029011577807083952,0.006050277752248793,0.029511661796929482,0.0064294469087922855,0.005342790190606303,0.00840096108999488,27991.9019071,0.0,0.8140838323353295,0.0,0.0,3.5150503133494553,-0.02710086979208591,0.4175,0.07955755983239544,0.0,-0.00047759174437478347
2026-02-11T11:00:00Z,66804.03,66873.68,66396.66,66418.69,0.35136,23397.7703142,64.0,0.08892,5920.6252653,-465.3999999999942,-0.006958306527008018,0.2405,2.169402850441999,-0.04903274876405043,-0.8081508917342045,1.0237176346031829,-0.9076349000041956,0.029612754139980216,0.0057177035053298676,0.028555108842058693,0.006282709808761237,0.005112019129770065,0.007182014580534327,23397.7703142,0.0,-0.49385245901639346,0.0,0.0,0.7879535000926579,-0.23853696758347193,0.35136,0.09982809945074922,0.0,0.009571402266440376
2026-02-11T14:00:00Z,67108.31,67617.72,66858.82,67489.98,0.44452,29891.1034223,99.0,0.19959,13423.0691954,361.86999999999534,0.005390737203833096,-0.22180999999999995,-0.332883105968514,0.19305778127173237,0.05134714220014948,1.621026999316457,0.6633548557121987,0.03049838528330673,0.00583116421463288,0.028703965762375355,0.006284265533181019,0.0051899276640060945,0.011244632166137762,29891.1034223,0.0,-0.10199766039773249,0.0,0.0,0.7286969372179953,0.009934915139219203,0.44452,-0.1604295691131722,0.0,-0.012020895546272059
2026-02-11T16:00:00Z,66676.85,66901.48,65760.38,66626.03,3.50437,231894.3780988,263.0,1.00004,66203.8205975,-52.66000000000349,-0.0007897575672227708,1.6686200000000002,0.9089581914748741,-0.02039445324614981,-1.151973456720269,1.1870445596825077,0.5172202260976393,0.029825829622113564,0.006292395827857732,0.02945710076886505,0.00642433557807626,0.005507310407201726,0.01712693972610992,231894.3780988,0.0,-0.42926117961288335,0.0,0.0,0.7378500589890846,3.9429976144963135,3.50437,-0.5617562001577504,0.0,-0.007712000850118028
2026-02-11T17:00:00Z,66510.11,67228.94,65985.33,66112.21,0.93655,62368.7011651,135.0,0.60438,40216.7595014,-513.8199999999924,-0.007712000850118028,-2.56782,-0.7327479689644644,0.038809769904544086,-0.1929884588176409,1.1437334743521983,-0.795948890729413,0.030634032832532535,0.006420409419033754,0.02924030372931326,0.00646401207937631,0.005594127796212045,0.018810594896162155,62368.7011651,0.0,0.29065186055202613,0.0,0.0,3.563102800813999,0.3798948136823146,0.93655,0.47599327763526894,0.0,0.007654410584670979
2026-02-11T18:00:00Z,65950.0,66902.43,65892.43,66618.26,1.28887,85566.463984,182.0,0.69563,46295.2648223,506.04999999998836,0.007654410584670979,0.35231999999999997,0.37618920506112863,0.01093888126282935,-0.5984630103133995,0.8826421002803791,0.43728712871287473,0.031192573243569804,0.006524990183545172,0.029429626192627286,0.0064985924845144954,0.005663220986577124,0.015161008408205199,85566.463984,0.0,0.07944168147291812,0.0,0.0,0.4599407590497462,0.8398355727320608,1.28887,0.2243564356435557,0.0,0.009714453664806166
2026-02-11T19:00:00Z,66528.57,67294.6,66196.49,67265.42,0.6019,40146.5838137,125.0,0.39809,26510.1374465,647.1600000000035,0.009714453664806166,-0.68697,-0.5330017767501765,0.0065327753496300465,-0.6428291046597481,0.8711886011075229,0.9468541402955718,0.029714209776942127,0.0068298179043556366,0.029793840986040175,0.006605699998618969,0.005876900706397449,0.016325030007989256,40146.5838137,0.0,0.32277787007808606,0.0,0.0,0.9520593890416649,-0.11222381630960407,0.6019,-0.2758375754705758,0.0,0.004083821969742996
2026-02-12T02:00:00Z,67476.76,68051.53,67476.76,67688.71,0.88674,60084.2212612,171.0,0.55321,37467.1817265,227.65000000000873,0.003374539326835402,-0.08184000000000002,-0.08449482747940285,0.1484168305010725,0.7438774720403929,0.9252873563218452,-0.26248760373708646,0.031129777651073273,0.005990787763205856,0.029224933282486106,0.006310231373944838,0.005251661492395007,0.008491371751655543,60084.2212612,0.0,0.24773890881205313,0.0,0.0,0.136271401053074,-0.01701502219946397,0.88674,0.6312438018685559,0.0,-0.0024664379037510065
2026-02-12T08:00:00Z,67147.59,67291.68,66952.0,67142.89,0.03123,2094.4055413,25.0,0.01458,977.8628348,29.279999999998836,0.00043627514598010286,-0.04537,-0.5922976501305484,0.42327249022164304,0.3011963038281722,0.8309502550240203,0.12394017899201215,0.02763289333917402,0.005158821164738842,0.028943849334591102,0.005973234900497656,0.004709163394014786,0.0050590613540762545,2094.4055413,0.0,-0.06628242074927962,0.0,0.0,0.022643014715806098,-0.9523117095117937,0.03123,-0.13777673104099114,0.0,-0.0001940637348198937
2026-02-12T09:00:00Z,67227.39,67332.43,66889.23,67129.86,0.15385,10332.1190425,52.0,0.06138,4117.969505,-13.029999999998836,-0.0001940637348198937,0.12261999999999998,3.926352865834133,0.18123130456016145,-0.4486486101170335,1.0498555027399146,0.08587545126359888,0.027629445515237244,0.004948471924586541,0.028573391943609465,0.005890929100406595,0.004578261819351174,0.006602129067452205,10332.1190425,0.0,-0.20207994800129994,0.0,0.0,0.1437849715564271,-0.8085267379553666,0.15385,-0.30593411552349264,0.0,0.006966050577194682
2026-02-12T13:00:00Z,68069.73,68127.09,67729.0,67732.5,0.12956,8796.8203189,98.0,0.0974,6612.6275226,-438.0899999999965,-0.006426378295977697,-0.07227999999999998,-0.35810543004359885,0.12431478460839157,-0.6711142917103373,0.8422600471812822,-0.9824160365746438,0.027415191678013526,0.005177145905312421,0.02842045361211846,0.005875483085390227,0.00477342121894932,0.0058773853024766025,8796.8203189,0.0,0.50355047854276,0.0,0.0,0.05119648516681008,-0.7717966436696096,0.12956,0.13529603858424238,0.0,0.009044107333997742
2026-02-12T14:00:00Z,67864.4,68405.77,67698.13,68345.08,0.51745,35229.4149434,195.0,0.41992,28600.9680289,612.5800000000017,0.009044107333997742,0.38788999999999996,2.9939024390243896,0.3382381538860444,-0.22220177150637913,1.3252388547457246,0.8284721044598676,0.02835049843765905,0.0055806440245994016,0.028647029583511303,0.005983008801318805,0.00505570020958137,0.010353927451690734,35229.4149434,0.0,0.6230360421296746,0.0,0.0,0.4639642446548146,-0.30783239901479503,0.51745,-0.14920015827255,0.0,-0.010085144387862344
2026-02-12T15:00:00Z,68345.56,68345.56,67521.12,67655.81,0.68809,46731.1502788,276.0,0.45452,30878.6373128,-689.2700000000041,-0.010085144387862344,0.17064000000000001,0.3297709923664123,0.37857950689889197,0.17844782158781655,1.379788958095659,-0.6732569986900152,0.02757241205370165,0.0060722103274147895,0.028711893151067043,0.0061343798016532365,0.005398274503637805,0.012185797494701524,46731.1502788,0.0,0.321106250635818,0.0,0.0,0.2622662118178962,-0.045566187196898804,0.68809,-0.16337150065499242,0.0,-0.008235360717726903
2026-02-12T16:00:00Z,67549.36,67987.76,67053.72,67098.64,2.07567,140164.6077573,226.0,0.35359,23848.5108375,-557.1699999999983,-0.008235360717726903,1.3875800000000003,2.016567600168583,-0.19571610247441198,-1.7184471210714147,1.432803767468253,-0.9038156824118756,0.028774948177680223,0.006276361596468591,0.029003233691394074,0.006202674628979984,0.005535921618057003,0.013920401367300345,140164.6077573,0.0,-0.6593003704827838,0.0,0.0,2.314733820530892,2.269167633333993,2.07567,0.42126675517108325,0.0,-0.019480275606182262
2026-02-12T21:00:00Z,65755.39,66031.54,65204.54,65378.04,1.93066,126666.3630209,171.0,1.46362,95976.7538503,-403.5400000000009,-0.006134544047132984,0.17347,0.09872011563917393,0.0059317822412234345,-0.18263710756775794,0.8635226922695332,-0.5804111245465413,0.03283115939177299,0.007393244420132424,0.030632069705170583,0.00673599927115203,0.00623298129396156,0.012649507388107578,126666.3630209,0.0,0.5161861746760175,0.0,0.0,0.09384868532401769,1.1114769954122443,1.93066,0.1241233373639602,0.0,0.006712192656739058
2026-02-13T08:00:00Z,66350.62,66557.39,66051.31,66176.76,0.40207,26671.3776592,94.0,0.30713,20372.2022282,-122.47000000000116,-0.0018472311066056735,0.17987999999999998,0.8095773887213644,0.264341046529062,-0.10932368255072145,1.4029459054870674,-0.5042285804616291,0.03274843726844767,0.005587251592521005,0.029875902132410474,0.006175154475549848,0.004911089598013684,0.00764739766649201,26671.3776592,0.0,0.5277439251871566,0.0,0.0,0.1831359571576749,-0.41505734908305975,0.40207,0.16068605754032309,0.0,0.006856485569858739
2026-02-13T13:00:00Z,67167.6,67188.75,66971.49,67077.98,4.1929,281430.4292118,143.0,0.99337,66654.7626948,-87.23000000001048,-0.0012987378435950214,4.03001,24.740683897108475,-0.3553327221330887,-1.5756217622496775,0.5602420512467742,-0.019699898738833373,0.031872717549406196,0.005018374528210872,0.029986389674515106,0.00592328643465668,0.004584544911847008,0.0032389168546815925,281430.4292118,0.0,-0.5261656609983543,0.0,0.0,3.6790610507531065,2.984253370595581,4.1929,-0.39280125195617493,0.0,0.003766660832660751
2026-02-13T14:00:00Z,67147.19,67626.23,66966.25,67330.64,0.57728,38862.3930387,114.0,0.384,25847.4922161,252.6600000000035,0.003766660832660751,-3.61562,-0.8623196355744234,-0.34779450766151454,-1.4574601166931005,1.5962881145492311,0.104245583199518,0.030804908887043982,0.004929514627196858,0.029904540781692943,0.005874634153512263,0.004541252108241503,0.009802075251326824,38862.3930387,0.0,0.3303769401330377,0.0,0.0,3.312792624745803,-0.328539254150222,0.57728,0.17371738537530665,0.0,0.005847857676683388
2026-02-13T15:00:00Z,67252.53,68000.0,66877.68,67724.38,1.97924,134278.5275822,207.0,1.71997,116745.6820115,393.74000000000524,0.005847857676683388,1.40196,2.4285615299334813,-0.07302289046913986,-0.6130192546634832,2.2134306281432035,0.5088388338441913,0.029668088346914784,0.0050075929569083685,0.029812662746798824,0.005873438265228951,0.0046109217992708436,0.01657187559339793,134278.5275822,0.0,0.7380105495038498,0.0,0.0,1.2204758663120385,0.8919366121618166,1.97924,-0.08841506878609474,0.0,0.01347195795664713
2026-02-14T05:00:00Z,68958.76,68968.97,68788.06,68791.34,0.04997,3441.5176179,33.0,0.03487,2401.6115901,-202.6200000000099,-0.0029367788136818174,-0.01972,-0.28296742717750034,0.6020477579586995,0.4876455031937288,0.9260418888367639,-0.9637388756840554,0.019367611878591998,0.003936785182461434,0.02770613290287305,0.005308626871881662,0.004053474215515718,0.0026298368370205245,3441.5176179,0.0,0.39563738242945756,0.0,0.0,0.013381272563316893,-0.7330682296223615,0.04997,0.038306340169185965,0.0,-1.235620646422575e-05
2026-02-14T06:00:00Z,68796.26,68912.1,68789.51,68790.49,0.12754,8781.9440014,41.0,0.08396,5781.6681215,-0.8499999999912689,-1.235620646422575e-05,0.07756999999999999,1.5523313988393035,0.5651262922797087,0.4814201562626234,0.6590328736930348,-0.9840117464716915,0.01925391179642116,0.0037760333130466488,0.027696354119002106,0.005235401324597761,0.003973360734712105,0.00178207772615097,8781.9440014,0.0,0.31660655480633554,0.0,0.0,0.0902380987954361,-0.6428301308269254,0.12754,0.9369442858307384,0.0,0.0018280143083730938
2026-02-14T07:00:00Z,68762.63,68944.42,68755.06,68916.24,0.05069,3488.3277954,31.0,0.01841,1267.8463398,125.75,0.0018280143083730938,-0.07684999999999999,-0.6025560608436569,0.4025385871407016,0.20954745998833788,1.1656150934104739,0.7023658639629736,0.01926907731648764,0.003658496468833838,0.027186318480302524,0.005172027496569612,0.003921174935388421,0.0027476832746534136,3488.3277954,0.0,-0.2736239889524561,0.0,0.0,0.06877708296557072,-0.7116072137924961,0.05069,0.1088403041824354,0.0,0.004522591482065685
2026-02-14T08:00:00Z,68945.91,69327.41,68890.62,69227.92,0.29921,20686.8166425,81.0,0.14909,10302.7066923,311.679999999993,0.004522591482065685,0.24851999999999996,4.90274215821661,0.3113754793039041,0.1765897311067872,2.098153025851236,0.5444492776849132,0.01970381879849144,0.00373400128600655,0.027229135211285508,0.005155080059706742,0.003981976538327807,0.00630944855774965,20686.8166425,0.0,-0.0034423983155642372,0.0,0.0,0.26101668605675415,-0.450590527735742,0.29921,0.10119279287528621,0.0,0.007749185588704854
2026-02-14T09:00:00Z,69197.53,69858.1,69197.53,69764.38,0.22964,15986.4741885,66.0,0.1723,12007.9623542,536.4600000000064,0.007749185588704854,-0.06956999999999997,-0.23251228234350452,0.26852456636911315,0.19593050776487125,2.2496551802427978,0.7162450610836091,0.020028410383315362,0.004194564353594161,0.027590076913124317,0.005242071670343641,0.004271991869976915,0.009468585544657702,15986.4741885,0.0,0.5006096498867794,0.0,0.0,0.07327136117514038,-0.5238618889108824,0.22964,0.14187746945819546,0.0,-0.0003722530036102123
2026-02-14T12:00:00Z,69726.12,70543.95,69709.03,70479.93,1.48069,104006.0934293,209.0,0.28716,20182.4122913,815.8899999999994,0.011711781286299239,1.45902,67.3290263036456,-0.3467950353787261,-0.9578194875926089,1.9249097972310656,0.8466439898433457,0.022590273884172306,0.004963850908524056,0.02755177629114766,0.005387987239626069,0.00478015206900754,0.011846209268369,104006.0934293,0.0,-0.6121267787315373,0.0,0.0,1.4339018152507745,0.7078668672899333,1.48069,0.05620897810569595,0.0,-0.011896010679919744
2026-02-15T03:00:00Z,69721.73,69767.23,69373.9,69561.88,0.17301,12025.7950378,46.0,0.11239,7817.437493,-140.90999999998894,-0.002021583354123835,-0.39603999999999995,-0.6959669624813285,-0.11847909835331188,-0.6339599190157184,1.0793414132174686,-0.04416139119821846,0.02091106251030804,0.0036226034925872256,0.025406495441557483,0.00481158966512436,0.003951679249857649,0.005654390019361203,12025.7950378,0.0,0.29923125830876834,0.0,0.0,0.3197057883955838,-0.3161019095263897,0.17301,-0.3622403579691604,0.0,0.005125508396265133
2026-02-15T05:00:00Z,69999.56,70501.9,69856.08,70133.62,0.68873,48311.4082975,114.0,0.25204,17706.1979593,215.1999999999971,0.003077872755133715,0.22406999999999994,0.4822235613136485,0.16658490626590367,-0.3226290237579268,1.4120090661963378,-0.1405035458796441,0.021508028166040652,0.003713048814622351,0.025184233528962794,0.004780732959739933,0.004024567146729731,0.009208422437056472,48311.4082975,0.0,-0.2681021590463607,0.0,0.0,0.1591983302723696,0.06358614201657226,0.68873,0.34808460561767296,0.0,0.002404838079083982
2026-02-15T10:00:00Z,70459.65,70624.12,70396.06,70426.49,0.17701,12468.6380416,31.0,0.05546,3909.5055455,5.040000000008149,7.156910288008689e-05,-0.22964,-0.5647116685110045,0.13980885478692168,-0.3352708575710684,0.48562495341994727,-0.7331404016486198,0.021213355950591813,0.0037370261007277383,0.025312749721125356,0.004662276945392528,0.004073403394723509,0.003238270145225151,12468.6380416,0.0,-0.37336873622959155,0.0,0.0,0.19063207761290046,-0.39242082855062693,0.17701,0.5877400684030297,0.0,0.0013480722949559265
2026-02-15T11:00:00Z,70417.19,70521.43,70223.82,70521.43,1.93375,136135.756415,37.0,0.02673,1882.6033914,94.93999999998778,0.0013480722949559265,1.7567400000000002,9.924524038189933,-0.33978709760164144,-1.0014912256817303,0.7230797887848341,1.0,0.021229292746397548,0.003604625239630345,0.025076996576486106,0.004603370374236062,0.004003010904159377,0.004220135638202261,136135.756415,0.0,-0.9723542340012928,0.0,0.0,1.35033117758958,0.9579103490389531,1.93375,-0.6497429521857613,0.0,-0.003389466152345477
2026-02-15T12:00:00Z,70486.79,70520.39,70266.24,70282.4,0.1889,13297.5812258,21.0,0.15716,11064.9467205,-239.02999999999884,-0.003389466152345477,-1.74485,-0.9023141564318035,-0.356268039628676,-1.0000899844220767,0.6249692617911684,-0.8728310053119078,0.01807301808706725,0.0035883228152902603,0.025117729310019,0.004574523583129177,0.003999757963638713,0.003616125801053951,13297.5812258,0.0,0.6639491794600316,0.0,0.0,1.3575826978051435,-0.39967234876619034,0.1889,0.06862089317339083,0.0,-0.013497120189407297
2026-02-15T15:00:00Z,69040.94,69172.03,68893.92,69132.19,0.14162,9781.0511251,66.0,0.10242,7075.4833899,154.86999999999534,0.002245230751209082,-1.02823,-0.8789417446681198,-0.5543565813959946,-1.2555924465695665,0.5705795862540675,0.7134946603861515,0.018912621967071587,0.0049888075220554775,0.025057199646907825,0.004988447276192981,0.0048268559022259456,0.0040228727022824035,9781.0511251,0.0,0.4464058748764299,0.0,0.0,0.8177937244751442,-0.4690579255828702,0.14162,-0.3853870770558676,0.0,-0.00034860750107879035
2026-02-15T16:00:00Z,69186.98,69247.06,68951.39,69108.09,0.47114,32533.1118667,64.0,0.31235,21577.7271892,-24.10000000000582,-0.00034860750107879035,0.32952000000000004,2.3267900014122302,-0.47142154387592117,-1.1247203717983785,0.5928993252253448,0.059965502079959,0.018903657045895386,0.00478611220284682,0.02459896600724974,0.004919976307549093,0.004687724670797142,0.0042783703036793274,32533.1118667,0.0,0.3259328437407141,0.0,0.0,0.2518284975211199,-0.2172294280617503,0.47114,-0.32678323806945553,0.0,-0.0010350452457881243
2026-02-15T17:00:00Z,69090.55,69090.55,68800.0,69036.56,0.38209,26351.8788521,68.0,0.29912,20629.956144,-71.52999999999884,-0.0010350452457881243,-0.08905000000000002,-0.18900963620155375,-0.025770284344870317,-0.2831724368217911,0.5805987497460618,0.6283600068835146,0.01892960928096393,0.004600012467695594,0.021828054533037253,0.004855138084319811,0.004564088929801807,0.004208639596179226,26351.8788521,0.0,0.5657044151901385,0.0,0.0,0.04049990291262226,-0.25772933097437256,0.38209,-0.8141800034417322,0.0,-0.005834155120127749
2026-02-15T19:00:00Z,68589.87,68781.39,68415.16,68418.27,0.30367,20824.1005533,78.0,0.243,16666.0101706,-215.51999999998952,-0.0031401442350770248,-1.99999,-0.868179332019482,-0.021007831048840655,-0.127313768368207,0.74858706057498,-0.9830161373999514,0.020036585147071528,0.004606635423245447,0.021853158581902628,0.004845794703081604,0.0045616092331356725,0.005352810002357497,20824.1005533,0.0,0.6004215101919848,0.0,0.0,3.6341828202806385,-0.5296372990083101,0.30367,0.51445812740629,0.0,-0.0015165539847764586
2026-02-15T20:00:00Z,68404.36,68522.43,68074.56,68314.51,0.60844,41569.4235763,110.0,0.33524,22895.8310642,-103.76000000000931,-0.0015165539847764586,0.30477,1.0036223532123687,0.05972042122062809,0.15997607577664497,1.0503271499261198,0.07151628820863011,0.020050908791810047,0.00443933294928383,0.0217757258932873,0.0047855510629511025,0.004454505848836273,0.006556001060389592,41569.4235763,0.0,0.10196568272960356,0.0,0.0,0.5237177388926562,-0.005919560115653966,0.60844,-0.27213253845983415,0.0,0.0022532548356126725
2026-02-16T00:00:00Z,68973.45,68973.45,68351.99,68817.98,0.75256,51600.1485569,76.0,0.50005,34244.1207109,-153.08000000000175,-0.002219481620262198,0.55277,2.76675509284749,0.1997206133132218,1.0165872358310986,1.4740861974904458,0.4996620860554076,0.021018917573677392,0.004205107415558666,0.021129086037988375,0.004674089016897997,0.0043124268805955265,0.00903048883445855,51600.1485569,0.0,0.3289305836079515,0.0,0.0,0.977201766989118,0.316345561059095,0.75256,-0.7498310430277038,0.0,0.00047749149277565017
2026-02-16T01:00:00Z,68779.35,69031.57,68739.02,68850.84,0.23615,16278.9692537,90.0,0.20574,14185.4963869,32.86000000000058,0.00047749149277565017,-0.51641,-0.6862044222387584,0.2021919979878742,0.9434892704923145,0.7147394395446106,-0.23554947872169513,0.02099552866565806,0.004035656731037301,0.020938863804763473,0.0046102929161424356,0.004212922679772502,0.004249040389340245,16278.9692537,0.0,0.7424518314630532,0.0,0.0,0.9746818946457692,-0.6583363335866741,0.23615,0.4799179627414368,0.0,-0.003677660287078388
2026-02-16T07:00:00Z,68390.07,68501.12,68239.91,68418.87,0.01336,914.3624267,20.0,0.01052,720.1523512,33.5399999999936,0.0004904560671126212,-0.000789999999999999,-0.05583038869257939,0.6145691854109399,0.6040453113005179,0.6253331630942915,0.3702385054170777,0.0231956510984564,0.004406248176091226,0.02140418201868995,0.0046564534173904795,0.004450596896182839,0.003817806403408765,914.3624267,0.0,0.5748502994011976,0.0,0.0,0.07046846183551625,-0.8377370495492346,0.01336,-0.25998238964819725,0.0,0.0023984611262946043
2026-02-16T10:00:00Z,68783.64,69049.59,68777.73,69036.36,0.00968,667.0706483,22.0,0.00514,354.6893433,242.89999999999418,0.0035308588926912243,-0.005130000000000001,-0.3463875759621877,0.5797309933107992,0.43056407110881006,0.7941189357610692,0.9026704921650617,0.022373594188108217,0.004146304227366634,0.021065630460715752,0.004548420746783301,0.004292558197556985,0.003937924884799844,667.0706483,0.0,0.06198347107438015,0.0,0.0,0.00913086761340054,-0.7689164633128706,0.00968,0.026925623482647015,0.0,-0.002920055460629678
2026-02-16T11:00:00Z,68963.72,68973.14,68708.64,68834.77,0.07471,5140.6319837,30.0,0.06406,4407.5166595,-201.5899999999965,-0.002920055460629678,0.06503,6.7179752066115705,0.5638158305741293,0.3083865594410444,0.831931055089883,-0.04627599243852812,0.022523644332831036,0.004062096353373131,0.021125595760880373,0.004511720960750888,0.004243940945942435,0.0038425348119852797,5140.6319837,0.0,0.7148976040690672,0.0,0.0,0.15619210193096555,-0.612724361381905,0.07471,-0.4412476370510639,0.0,3.544720204629037e-05
2026-02-16T13:00:00Z,68848.57,69829.19,68817.67,69724.19,0.3939,27379.7993761,119.0,0.19913,13839.8809,886.9799999999959,0.012885182301839215,0.20043999999999998,1.0360798097797992,0.1940215579508847,0.2320453983227915,2.3143909637957063,0.7923916482126062,0.021795412676270713,0.005203778518247502,0.02232313755402658,0.004873022203351425,0.00496836739948456,0.014507447128464369,27379.7993761,0.0,0.011068799187611148,0.0,0.0,0.4346402611660908,0.06275555502366921,0.3939,0.07325608984497683,0.0,-0.02110515733492213
2026-02-16T19:00:00Z,67931.0,68234.43,67904.88,67974.46,0.28488,19396.9197087,55.0,0.22746,15485.2493852,-5.639999999999418,-8.296545606722994e-05,-0.27779999999999994,-0.49370867988910205,0.26123808469133103,1.2553664936215547,0.4209717287028374,-0.5777272037626812,0.03200681018143788,0.007155021358491646,0.024982544020151758,0.005939907313322752,0.006129150387349029,0.004848144435424545,19396.9197087,0.0,0.5968828980623418,0.0,0.0,1.260076508498244,0.10269705977026813,0.28488,0.7096040054619922,0.0,-0.001050982972134018
2026-02-16T20:00:00Z,67938.0,68100.0,67852.95,67903.02,0.16461,11198.8779971,49.0,0.15369,10456.8056481,-71.44000000000233,-0.001050982972134018,-0.12027000000000002,-0.42217775905644483,0.33714614196703946,1.4523502745404209,0.4756632908467869,-0.5946569520340084,0.031988094603705,0.006869297079450415,0.024946672314005512,0.005860558760195286,0.005904669540625175,0.0036382770604312283,11198.8779971,0.0,0.8673227628941133,0.0,0.0,0.48318867768336493,-0.38049161791309677,0.16461,0.4530661809349998,0.0,0.00949957748565522
2026-02-17T12:00:00Z,67859.96,67916.43,67722.59,67846.69,0.0594,4030.1952998,26.0,0.05482,3719.510863,10.139999999999418,0.00014947694126532518,-0.05594,-0.48500086700190737,0.3887158373737124,-1.0542863340421575,0.6675659076689863,0.28043747420561344,0.03235606710160837,0.004597539415307142,0.02496222031774967,0.00521566752778701,0.004367192241610207,0.0028570295765349275,4030.1952998,0.0,0.8457912457912458,0.0,0.0,0.28255188141432463,-1.048421455775563,0.0594,-0.34889599669841326,0.0,0.0027741957640086135
2026-02-17T13:00:00Z,67856.19,68305.7,67856.19,68034.91,0.16914,11525.3718428,51.0,0.10977,7476.6056796,188.22000000000116,0.0027741957640086135,0.10974,1.8474747474747475,0.2947515057155752,-1.0542905101831328,1.3454220750067318,-0.20482302952105194,0.029844201202246012,0.004478880265432838,0.024040210079360212,0.005164122891298169,0.004306840436957887,0.006607049233988768,11525.3718428,0.0,0.29797800638524297,0.0,0.0,0.7030503276365905,-0.34537112813897236,0.16914,0.6024115147605098,0.0,0.001292424727246555
2026-02-17T14:00:00Z,67938.95,68334.7,67799.56,68122.84,0.13989,9533.3966236,45.0,0.08731,5946.7009814,87.92999999999302,0.001292424727246555,-0.029250000000000026,-0.17293366442000724,0.2511819913908702,-1.0427883829865603,1.451843947258958,0.20820719811635052,0.020912451640943883,0.004311495725452333,0.023990937394786367,0.005097375288353896,0.00421632510192786,0.0078555151253236,9533.3966236,0.0,0.24826649510329554,0.0,0.0,0.11482985795403494,-0.4602009860930073,0.13989,0.13542250626004643,0.0,-0.017641366684066573
2026-02-17T16:00:00Z,66898.03,67395.19,66600.0,67306.19,0.73866,49504.7343749,139.0,0.47329,31710.338069,385.13000000000466,0.005754989535431854,-0.16496,-0.18255461366503623,0.25426965499400334,0.5309121743955546,1.1959003203344831,0.7761541266867045,0.02523754890590151,0.006456354148873722,0.026094316129302,0.005824329516719135,0.005674692326940106,0.011814515128549133,49504.7343749,0.0,0.28148268486177674,0.0,0.0,0.9059792180666482,2.242734162687344,0.73866,-0.26286799381279724,0.0,0.0028643725042227786
2026-02-17T18:00:00Z,67716.49,67716.49,66904.75,67130.84,0.60484,40622.5841576,117.0,0.44776,30075.3099009,-368.1399999999994,-0.005454008342052008,0.08791000000000004,0.1700617104830442,0.2809103570359382,1.6682932430304112,0.970311547457304,-0.4429497129622728,0.025570533574647183,0.006186812150797674,0.026331515110520252,0.005755599518805443,0.00546327229841235,0.012091908875265157,40622.5841576,0.0,0.4805899080748626,0.0,0.0,0.3663117614828566,1.511491036719507,0.60484,-0.2785251435188546,0.0,0.014310263360327369
2026-02-18T02:00:00Z,67348.09,67359.36,66859.12,67144.89,0.74778,50163.273433,160.0,0.57363,38470.7082589,-168.68000000000757,-0.002505884029030181,0.29117,0.6376776680317995,0.3631925306471541,1.565258919264761,1.5238366012408364,0.14253158483931055,0.026900159514036865,0.005558748410237445,0.027701830060104227,0.005656175738833942,0.004968906099621687,0.007450157413319245,50163.273433,0.0,0.5342212950332985,0.0,0.0,0.9045142435409445,1.2955440188677296,0.74778,-0.5487366064289084,0.0,0.002935443039671526
2026-02-18T10:00:00Z,68093.01,68257.39,68027.83,68172.91,0.0713,4860.6488606,20.0,0.0563,3837.738761,101.32000000000698,0.0014884329865074708,-0.11779,-0.6229308794753821,0.20333701879585947,-0.955462410912245,0.648850322927111,0.2639832723471268,0.026867492362624618,0.004452478440950965,0.027461097924277665,0.005227989963924159,0.004311942857927969,0.003367319951576039,4860.6488606,0.0,0.5792426367461431,0.0,0.0,0.4346255901814925,-1.2250553235917676,0.0713,0.08407388046699384,0.0,-0.005462873742664076
2026-02-18T11:00:00Z,68109.74,68180.78,67767.07,67800.49,0.17191,11671.44305,34.0,0.11164,7580.3407558,-372.41999999999825,-0.005462873742664076,0.10061,1.4110799438990185,0.5173634591670322,-0.4842117358111248,1.140278103165503,-0.8384375528752077,0.027135201035735832,0.004543032709949903,0.027631670742154057,0.005234994328755049,0.004385647958138865,0.006101873305045315,11671.44305,0.0,0.29881914955499966,0.0,0.0,0.34998180326417905,-0.8750735203275886,0.17191,0.09093326243019527,0.0,-0.004139498106872086
2026-02-18T16:00:00Z,67236.32,68302.16,67236.32,67684.62,0.7504,50742.5217798,113.0,0.61008,41244.5870147,448.7299999999959,0.006673965347971045,-0.09344000000000008,-0.11073189230185831,-0.022806887476136455,-1.394343980755277,1.7451949448336173,-0.15878555880809533,0.02128109834152652,0.0043691608813561334,0.02669754607750023,0.00508461359751015,0.0043363394560916695,0.015747152011786378,50742.5217798,0.0,0.6260127931769722,0.0,0.0,0.2517152520743916,0.6703411367047074,0.7504,0.5793927794040477,0.0,-0.008045845570234467
2026-02-18T17:00:00Z,67661.73,67690.09,67004.54,67140.04,0.92676,62276.5022996,114.0,0.45276,30423.6762385,-544.5800000000017,-0.008045845570234467,0.17636000000000007,0.23502132196162062,-0.033730420875985094,-1.4054045921001324,1.0449899776688731,-0.6046969586463653,0.02258238937670889,0.004773178160470424,0.027095293716289368,0.0051896956428557775,0.004602876662613526,0.010210747565834084,62276.5022996,0.0,-0.022918554965686948,0.0,0.0,0.39802826422012183,1.0683694009248292,0.92676,-0.15628327620158844,0.0,0.0005226389498727002
2026-02-18T18:00:00Z,67136.4,67494.49,67073.28,67175.13,2.91048,195589.6450269,126.0,1.55688,104634.9023778,35.09000000001106,0.0005226389498727002,1.9837200000000001,2.140489447106047,-0.016552532317720647,-1.2142288706944717,0.7114032371569368,-0.5163932480235655,0.021916387944722036,0.004580656292925674,0.026885565027836972,0.005118840861685669,0.004481236063090568,0.006270326533048858,195589.6450269,0.0,0.06984414941865255,0.0,0.0,2.6757449791905845,3.7441143801154135,2.91048,0.6083426319413151,0.0,-0.010653347451653583
2026-02-18T23:00:00Z,66313.05,66456.78,66234.56,66433.03,0.79403,52701.1305649,45.0,0.41513,27554.9991945,79.86000000000058,0.001203559679213484,-2.2493299999999996,-0.7390942905210031,-0.3031102341364921,-2.361324134946192,0.42452821177377226,0.7862478624786259,0.01979516933352991,0.004667759109303663,0.027357357851407197,0.005114952875494473,0.004531577060474577,0.00334502279965254,52701.1305649,0.0,0.04562799894210544,0.0,0.0,0.8090604184680872,-0.31254394348801184,0.79403,-0.24633246332465553,0.0,0.00018906257926221137
2026-02-19T00:00:00Z,66456.22,66506.5,66287.27,66445.59,1.36634,90771.4513535,59.0,0.36461,24215.0749943,12.559999999997672,0.00018906257926221137,0.5723100000000001,0.720766217901087,-0.3469939160590551,-2.2086437031315382,0.44760151494011946,0.44432787483454,0.019794475837404166,0.004477476535555943,0.027327481707337384,0.005044495471493051,0.00441400707799852,0.0032993912763811103,90771.4513535,0.0,-0.46629682216724977,0.0,0.0,0.1885787791395806,-0.12396516434843126,1.36634,-0.49281576426581947,0.0,0.00010384436348620518
2026-02-19T01:00:00Z,66461.31,66579.5,66359.33,66452.49,0.43518,28928.1482005,74.0,0.25338,16843.5959623,6.900000000008731,0.00010384436348620518,-0.9311600000000001,-0.6814994803635992,-0.39787348293416547,-1.4484151555082339,0.6124651697583047,-0.1537448335377485,0.01960432341710586,0.004294745049348884,0.027326157569994798,0.004974942581013885,0.004305305071973944,0.0033131941331317792,28928.1482005,0.0,0.16448366193299319,0.0,0.0,0.3345746304321623,-0.45853979478059353,0.43518,0.11368487986555405,0.0,0.006556864912059757
2026-02-19T09:00:00Z,67170.07,67170.07,66859.49,66976.7,0.51406,34439.3883783,25.0,0.16862,11304.3847714,-209.61000000000058,-0.0031198320014895753,-0.060920000000000085,-0.10595151135691694,-0.03556209808630949,0.5553590191033221,1.0951468635033466,-0.24521862322108012,0.0199762506174867,0.003806097027081432,0.026901174182418303,0.0046887438315164265,0.004068841478663079,0.00463713500366548,34439.3883783,0.0,-0.3439676302377154,0.0,0.0,0.028390052794814546,-0.47304945689647004,0.51406,-0.3773906883894365,0.0,-0.0019845707537098356
2026-02-19T11:00:00Z,66826.48,66958.17,66750.22,66830.2,0.46139,30845.2913439,65.0,0.15171,10143.1968808,-13.580000000001746,-0.00020316026412636745,0.004090000000000038,0.008943800568554705,-0.17093336930132152,0.47687425895746105,0.7067800354607814,-0.23077662899745352,0.019256667536427487,0.003543306580007495,0.02679572338132254,0.004571923909983082,0.0039356805559328,0.003111617203000995,30845.2913439,0.0,-0.3423784650729318,0.0,0.0,0.004167825819918813,-0.5055262725829142,0.46139,0.24866554460210208,0.0,-0.00488087720820829
2026-02-19T14:00:00Z,66531.16,66564.65,65798.78,65933.17,4.45554,294677.9216491,129.0,2.21564,146224.6355908,-561.6100000000006,-0.008445926131344428,3.80237,5.821409433991151,-0.08620363542663205,0.46728961326538004,1.88647998456404,-0.6490527112956501,0.020863977201644686,0.004141755601612864,0.02331668556255606,0.004671514457428765,0.004309219712248209,0.011615852840080272,294677.9216491,0.0,-0.005444906790198259,0.0,0.0,1.3238507442088292,0.9010710979426607,4.45554,-0.13174559651116946,0.0,0.0062963755572498226
2026-02-19T16:00:00Z,66431.84,66710.77,65970.99,66424.5,5.38556,357036.3294166,131.0,2.38481,158191.4298192,76.19000000000233,0.001148333695311976,1.0887599999999997,0.2533885682368273,0.0074867339123307845,0.6403334756509457,1.2781823679322764,0.22606720917028164,0.02077913274265701,0.004186190842610069,0.022521037416428028,0.004661491903926452,0.00433357572180138,0.011137155718146148,357036.3294166,0.0,-0.11436879358878188,0.0,0.0,0.2991998398455067,1.082632690555977,5.38556,-0.2359890778339337,0.0,-0.0006170915851833048
2026-02-19T17:00:00Z,66296.7,66505.52,65903.02,66383.51,0.43552,28852.0892489,58.0,0.18107,11987.1154017,-40.99000000000524,-0.0006170915851833048,-4.9500399999999996,-0.9191319008608204,0.012791977528469592,0.6564325455181282,0.9347848572610716,0.594987551867189,0.019154452251938167,0.004019047305129737,0.022389826216560067,0.004598327651620275,0.00423331342334692,0.009076049157388636,28852.0892489,0.0,-0.16848824393828066,0.0,0.0,1.7331926216542972,-0.65055993109832,0.43552,-0.45090456431532566,0.0,-0.000907002356458575
2026-02-19T18:00:00Z,66344.06,67044.11,66191.2,66323.3,0.89464,59554.9798218,93.0,0.4843,32226.529411,-60.20999999999185,-0.000907002356458575,0.45912,1.054188096987509,0.03610456522238071,0.7419470408156631,1.1932121031241862,-0.6902369534886323,0.019168814056561897,0.0038634691593330116,0.022372778699204687,0.004537385978333358,0.0041436720778143185,0.01285988483685226,59554.9798218,0.0,0.08267012429580617,0.0,0.0,0.19210222352617218,-0.4584577075721478,0.89464,0.6658967534675344,0.0,0.009824450834020615
2026-02-20T03:00:00Z,67278.37,67352.57,67212.2,67299.38,0.32927,22159.1692699,65.0,0.16013,10774.8930287,4.669999999998254,6.939624228996522e-05,0.00817000000000001,0.025443786982248584,0.3979401189412434,1.7059054101508235,0.5223004985985072,0.24214575764043805,0.017551647316112758,0.003529705346961013,0.021896140348708654,0.004328620831396242,0.003962879215902555,0.0020857547276068498,36249.316102,0.0012593855132630929,0.07151494065123729,0.3333333333333333,0.0,0.08781924587780493,-0.4290006715521543,0.5386500000000001,0.12926709809375989,0.3333333333333333,0.0007619683866328941
2026-02-20T04:00:00Z,67350.07,67498.34,67154.5,67350.66,0.6192,41728.5807834,48.0,0.37338,25164.9285469,51.279999999998836,0.0007619683866328941,0.28992999999999997,0.880523582470313,0.35817316183829917,1.5037875699614704,1.1682125505385021,0.1409958120056159,0.01742374037405831,0.003392421929578389,0.021633525936265906,0.0042707741220464395,0.003893966897473188,0.003521420577021788,68500.4787833,0.0018882527413405599,0.32727823864622074,0.6666666666666666,0.0,0.3157841537651676,-0.11321651778698671,1.01632,0.5247597827001906,0.3333333333333333,-0.0011817256133792586
2026-02-20T05:00:00Z,67272.23,67272.23,67248.28,67271.07,0.24434,1437.5156776,25.0,0.03702,1437.5156776,-79.58999999999651,-0.0011817256133792586,-0.37485999999999997,-0.6053940568475452,-0.03306814178737446,-0.696191676380428,0.09339780836874415,0.9031315240086549,0.01723284618409271,0.0032710387679869613,0.021644228711526638,0.004216408876875744,0.003836220373236892,0.003697131619877703,31447.2331432,0.0013890126189463829,2.6258522478356587,0.3333333333333333,0.0,0.5241909723010343,-0.637407490088021,0.24434,-0.14359899261483433,0.6666666666666666,0.006727408973872473
2026-02-20T09:00:00Z,67874.28,67954.07,67791.48,67912.44,0.1495,10153.1986712,18.0,0.09217,6259.3764683,113.83999999999651,0.001679090718687437,0.14922,532.9285714285714,0.2160807435474831,0.00803631737150483,0.5869286629645796,0.4879143858786574,0.01777047621102031,0.0033156182380532865,0.021878384098288205,0.004151319157974161,0.0038801400534590825,0.0023941121832761576,18858.0583491,0.0015315983272311,0.3325184349437885,0.6666666666666666,1.092179398061488,0.2501133498036527,-0.652635521552938,0.27766,0.07489951460570166,0.0,0.0036411591160618872
2026-02-20T10:00:00Z,67922.55,68220.4,67922.55,68159.72,0.54152,36898.1613956,73.0,0.00073,26893.968413,247.27999999999884,0.0036411591160618872,0.39202000000000004,2.6222073578595317,-0.06981954279488986,-0.7739657767350485,1.0989220466969225,0.5925465838509177,0.018029237333942447,0.003342252595221113,0.02196740270872566,0.004138020926427989,0.0039000556963499204,0.004369882974871247,73796.3227912,0.001886756261377581,0.3769248761546367,0.3333333333333333,1.0968005757349097,0.5482750738303318,-0.1043604477226062,1.08304,0.029901118596979553,0.3333333333333333,-0.0029275355004393377
2026-02-20T11:00:00Z,68238.34,68300.0,67859.55,67960.18,0.9554,65025.7312121,57.0,0.35069,23897.4102007,-199.54000000000815,-0.0029275355004393377,0.41388,0.7642931009011671,-0.08122510460251017,-0.8964274297859208,1.3453647609835455,-0.5430582358951161,0.01826493192759311,0.0033112912849671138,0.02191457747845719,0.004109693959588517,0.003888337959714213,0.006481001080338474,89381.1053132,0.0024264541770092165,-0.1364456255613021,0.6666666666666666,1.1573276476048078,0.13751075810283236,0.033150310380226145,1.3123,-0.07672703039851533,0.0,-0.009722899497911719
2026-02-20T13:00:00Z,67352.84,67581.59,67304.03,67520.81,1.20215,81160.6897933,53.0,0.9155,61822.0656601,221.39999999999418,0.0032897762402372965,-0.07599999999999985,-0.05946093963932231,-0.007729585655439582,-0.6840497556512,0.8521080638559102,0.5620406398616562,0.020393578258186343,0.004143605618428972,0.022651697766895573,0.004337751806108446,0.004356797512465624,0.004110732676340785,111782.2069505,0.002666081050131142,0.33228279233451086,0.3333333333333333,1.0042651797506839,0.24129583448351788,0.23452002794371693,1.6563,-0.10835857222687417,0.0,-0.011433364025105641
2026-02-20T15:00:00Z,66822.86,67325.11,66661.49,67069.39,2.12735,142423.4692859,116.0,1.58534,106131.5818161,320.56999999999243,0.0048026317169351795,-3.2167700000000004,-0.6019269776876268,-0.11742042102633571,-1.645812665488628,1.1566630451833324,0.22931798318313806,0.021441740582685876,0.005108906751976465,0.02141665151163404,0.004685258295735883,0.004936938734907608,0.009894528636685012,261245.558477,0.0017174037471993752,0.49367426813197285,1.0,1.1523283153967252,3.5533571916265414,0.33061448845970287,2.12735,-0.016315681076342622,0.0,0.0075819982856562
2026-02-20T16:00:00Z,67246.77,68055.2,66552.75,67577.91,4.06003,274028.9037207,201.0,2.98324,201480.9005002,508.5200000000041,0.0075819982856562,1.9326800000000004,0.9084917855547985,0.07364102838206213,0.6472325756175568,1.944117957864188,0.3646510699191297,0.022704293077938777,0.005345761063518153,0.021603567825150414,0.004786789041938693,0.00507825952393387,0.022232856861065946,478031.76113600004,0.00538255356671699,0.4771277266587477,1.0,1.2921438917552417,2.2118794893995526,2.5424939778592557,7.08268,-0.09173016937197727,0.6666666666666666,0.0047747851331891855
2026-02-21T12:00:00Z,68230.88,68275.54,68124.61,68124.61,0.41995,28627.431458,26.0,0.13298,9067.2166352,-76.49000000000524,-0.0011215361629065557,0.24517999999999998,1.402872346512559,-0.23307495443079893,-0.6576393916659108,0.9732605377984717,-1.0,0.017703946193854125,0.0028713953859614686,0.019114673584977124,0.0038611262846107285,0.003657788154886791,0.0022154989217551928,28627.431458,0.0011368647646603756,45.34162925482004,0.3333333333333333,0.4533609732910747,0.10571489522990918,-0.7321519488841418,0.41995000000000005,0.1326911673592862,0.0,0.0008308304443871428
2026-02-21T13:00:00Z,68181.21,68181.21,68181.21,68181.21,0.00021,14.3180541,1.0,0.0,0.0,56.60000000000582,0.0008308304443871428,-0.41974,-0.9994999404691035,-0.23427274024354655,-0.6335342036679443,0.0,0.0,0.017416437243534186,0.0027641445400378014,0.019118836172909832,0.003810347198617841,0.003616069423471517,0.004272912138738977,25493.1145638,0.0020388002160735266,-0.49319403390150296,0.6666666666666666,0.5113134788627471,0.011481452262652958,-0.7206704966214889,0.37499,-0.2601650928078692,0.3333333333333333,0.0011777438388083095
2026-02-21T20:00:00Z,68580.0,68580.0,68345.67,68345.67,0.46433,31781.7505252,13.0,0.00077,52.7888866,-214.36000000000058,-0.003126603065955469,-0.01933999999999997,-0.03998594082742357,-0.5684713795088039,-1.1928049124245765,0.8839417067987915,-0.9999999999999379,0.00965225767033934,0.002663840902395473,0.017187672748572573,0.0036176296436179053,0.003625272264759711,0.0015307621197126228,26191.0409337,0.0008343367010827617,0.1988066482086847,0.3333333333333333,1.0676283508408115,0.3052601251349911,-0.46074617522140104,0.7361599999999999,0.44142895982380537,1.0,-0.0006682208251085342
2026-02-21T21:00:00Z,68352.38,68352.38,68300.0,68300.0,0.0054,368.8419996,2.0,0.0,0.0,-45.669999999998254,-0.0006682208251085342,-0.45893,-0.9883703400598712,-0.005667213235965362,0.4820993398619465,0.2326690159614063,-1.0,0.009612402688996054,0.002562051891589869,0.01717599940332281,0.003569444099652752,0.0035847845089543,0.005742866207784686,111157.695378,0.0017237837343717331,-0.6574370708261135,0.3333333333333333,1.050337915161862,0.27159746606220997,-0.18914870915919108,0.94965,0.03375665402099311,0.0,0.0012531478770130278
2026-02-21T22:00:00Z,68245.86,68386.0,68168.2,68385.59,0.39829,27210.8699437,45.0,0.32411,22148.9775265,85.58999999999651,0.0012531478770130278,0.39288999999999996,72.7574074074074,0.12465227774845972,0.6150654505276579,0.9635391705069254,0.996235078053161,0.009558555010678583,0.0024828318950199215,0.017176869068541337,0.0035263061151636845,0.0035558448609529394,0.003184881493308794,45629.5065742,0.0012314682669143874,0.2378024647801417,0.3333333333333333,1.0752314118184094,0.2714459648991778,-0.4605946740583689,0.6679999999999999,-0.15325332191114716,0.3333333333333333,-0.00579493428366995
2026-02-22T11:00:00Z,68097.6,68160.64,68097.6,68157.75,0.2184,14885.6024348,5.0,0.05471,3728.3960988,106.39999999999418,0.0015635251909036363,0.16454000000000002,3.054957296695136,-0.33291178740946237,0.3782634003685958,0.4840356781797206,0.9083121827413567,0.00998816002585724,0.002018737624108588,0.016743194898522402,0.0031220310062908345,0.0034245225918799237,0.00216439069658262,44886.311756,0.0006415176290003872,0.30480032652929523,0.0,0.6949302485809415,0.6440472370947384,-0.23929961801136324,0.6589,-0.150502596285236,0.3333333333333333,-0.0022241051091034247
2026-02-22T12:00:00Z,68062.88,68227.1,67995.22,68006.16,0.19261,9427.8294341,45.0,0.08515,0.0,-151.5899999999965,-0.0022241051091034247,-0.025790000000000007,-0.11808608058608061,-0.30992362518966116,0.3519101320887186,1.5759497972407317,-0.9056408487148343,0.010171615065264964,0.0020361460892485243,0.016553163164620098,0.0031009451622230947,0.003435477096041031,0.0022159386643188224,9427.8294341,0.0011104736015994398,-0.16523874828442442,0.3333333333333333,0.6994603806958886,0.41679032801941807,-0.6560899460307813,0.27516999999999997,0.12045068474379649,0.0,-0.000630237025587066
2026-02-22T13:00:00Z,67970.58,68013.0,67940.89,67963.3,0.0022,149.5237566,72.0,0.0022,3267.5073373,-42.86000000000058,-0.000630237025587066,-0.19041,-0.9885779554540263,-0.26116805914771934,0.375340112367762,0.6312794548930003,-0.37844959090289737,0.010157238604050305,0.0019611260947775652,0.016556970500772424,0.003059951253533437,0.003412055839051146,0.005018002363039958,22431.2525318,0.002107881417392152,0.14349379048353017,0.0,0.7656802448463713,0.06306821040266364,-0.5930217356281177,0.32967,-0.006399664834755861,0.3333333333333333,-0.00755260559743276
2026-02-22T14:00:00Z,67669.53,67687.69,67416.72,67450.0,0.23387,15796.9752311,16.0,0.07616,5149.7871464,-513.3000000000029,-0.00755260559743276,0.23167,105.30454545454545,-0.2206693254725151,0.34902009393760464,1.4202278206785828,-0.7543639517289833,0.012619814441404137,0.0028524354239493795,0.01641071436592429,0.0032682485720128824,0.003788363235226851,0.006158412980435529,88849.75928,0.002715936199504645,0.6249236183199667,0.3333333333333333,0.9983542182965152,0.40668444884674304,-0.18633728678137462,0.6832400000000001,-0.06310470644348774,0.0,0.00019392142327645523
2026-02-22T21:00:00Z,67433.18,67492.59,67345.97,67371.89,0.37395,3695.8663036,34.0,0.15612,10520.9877943,-61.2899999999936,-0.0009088997434200108,0.15057,0.6740531829170024,-0.7240366715219304,-1.63406668714972,0.7201257346801501,-0.6464329559405391,0.0119184235777322,0.0024895365168367246,0.01520873599542909,0.00307698209226652,0.00361266360308527,0.002176278563656079,25205.6100853,0.0012618265856808432,0.3015288937183529,0.6666666666666666,1.0862391873608737,0.0003399341069479922,-0.5600663094415621,0.37395,0.07541052901913531,0.3333333333333333,0.0036562726680222646
2026-02-22T22:00:00Z,67425.75,67637.31,67405.55,67618.22,1.26735,85599.154153,55.0,1.18057,79741.124313,246.33000000000175,0.0036562726680222646,0.8934,2.3890894504612916,-0.18552016848947464,-0.35087900794477067,1.1014772862291227,0.8352606144288086,0.01240161366424759,0.0026014491904390816,0.015284047456439203,0.003094082651592803,0.003662265039588534,0.0034274785701249567,167428.1530681,0.0003647695639283908,0.5566941776038712,0.3333333333333333,0.9611283045889124,3.3235683010099297,2.7635019915683676,2.4789399999999997,-0.01436340112314776,0.0,-0.0017989234262599796
2026-02-22T23:00:00Z,67725.52,67725.52,67495.51,67496.58,0.45717,30907.1146494,17.0,0.04285,2898.3247449,-121.63999999999942,-0.0017989234262599796,-0.8101799999999999,-0.6392709196354598,-0.17034776750885983,-0.2496168373523566,1.3172910800362958,-0.9906960566931269,0.011102480549905598,0.0025466627949698086,0.015318867178757472,0.003065923138817728,0.0036377279352261247,0.004218804120726679,103673.0998754,0.0017860018652514798,0.2750765956206619,0.6666666666666666,0.9850356411316523,1.3683459879042525,1.395156003664115,1.53359,-0.050920339186047645,0.3333333333333333,-0.004196953386378932
2026-02-23T00:00:00Z,67432.59,67432.59,67177.65,67213.3,0.15618,10504.107067,21.0,0.04157,2797.3208709,-283.27999999999884,-0.004196953386378932,-0.30099,-0.6583765338933001,0.13405719200172037,0.8263992522429859,1.339732866214123,-0.7203263512982788,0.011861941580914661,0.002716936232136968,0.015509621005893023,0.0031027364710710225,0.0037140529861057095,0.0035881025621616307,66642.5024814,0.002338658383432228,-0.07432017209436295,0.3333333333333333,0.9811023557365163,0.9855508439130134,0.4096051597511017,0.9859100000000001,-0.01820637687461233,0.6666666666666666,-0.007273858001318301
2026-02-23T01:00:00Z,67669.83,67678.51,65031.49,66724.4,2.68044,180452.5193847,127.0,0.55345,6375.8963086,-488.90000000000873,-0.007273858001318301,2.52426,16.16250480215136,-0.23432335556860842,-0.8144100143398477,4.3361427132220784,0.2791063157815163,0.013904896907835777,0.003324893798544216,0.01593852370583339,0.003289893236941144,0.004009936773320444,0.014299266834920969,293135.9476345,0.0029144720537757018,-0.5092764998108458,1.0,1.207776630674211,3.3511478920952666,3.7607530518463683,4.34969,-0.07252306026388794,0.6666666666666666,-0.03471833392282275
2026-02-23T04:00:00Z,64775.86,65073.6,64950.77,65041.7,1.60518,104158.576154,7.0,0.44877,2449.5512274,252.2199999999939,0.0038929159487002263,1.56956,44.06400898371702,-0.37587869664119117,-2.8520705848006767,0.11471005740328144,0.4805829194821949,0.03859174616666575,0.009845259838926533,0.02619518248258743,0.00660762478562293,0.008205193409245436,0.005130039258964861,179157.72239339998,0.002566720873943119,0.7933598359890995,0.6666666666666666,1.9733889722464522,0.039462070544463886,0.037851821631331405,1.60518,0.07542621329011538,0.3333333333333333,0.0009400123305509656
2026-02-23T05:00:00Z,64859.99,65150.02,64812.94,65102.84,0.38214,24776.6794421,41.0,0.19523,9836.4400439,61.13999999999942,0.0009400123305509656,-1.2230400000000001,-0.7619332411318357,-0.3491834745080649,-2.2115329278656195,0.30963640900885836,0.7200664530675364,0.03859082642927598,0.00944698012354755,0.026191903467181924,0.006518336269155051,0.007850911963511818,0.005869408439542688,24776.6794421,0.0024099552333297866,-0.04573602947286831,0.3333333333333333,1.9589415830913997,0.43617485246175564,-0.39832303083042425,0.38214,-0.3064273857429583,1.0,0.0036181217286372913
2026-02-23T15:00:00Z,66182.34,66201.85,65756.63,66046.43,0.515,159519.3788407,22.0,0.19285,44160.7858046,-29.330000000001746,-0.00044388441389098254,-0.6912699999999999,-0.5730640735490395,-0.25407775816888595,0.3516988679737469,0.9881444271409299,0.30182830959969276,0.04043183667741396,0.007060950172001139,0.025452971353373422,0.006111666209774861,0.005844474171732905,0.011053284787686574,159519.3788407,0.0028854377678183326,-0.006938229418904304,0.0,1.1423929619223152,0.18770237823760796,0.21874079960431328,2.42052,-0.3401836318496797,1.0,-0.011713577857273894
2026-02-23T16:00:00Z,65672.8,65672.8,65178.55,65272.79,0.58955,38581.8757891,38.0,0.09659,6336.7589694,-773.6399999999921,-0.011713577857273894,0.07455,0.14475728155339795,-0.4404057752714047,-0.10896310467179988,1.0560596564200415,-0.618654527061212,0.04206679905002221,0.007548182530660028,0.02598294282947029,0.006335040650656024,0.006219623601283748,0.008977873438417348,118485.25167200001,0.0011927184712816627,-0.17365484151581778,0.6666666666666666,0.9682891495664706,0.23396524295552146,-0.015224443351208167,1.79861,0.10172364302215349,0.3333333333333333,0.002582546264684016
2026-02-23T17:00:00Z,65539.68,65539.68,65339.97,65441.36,0.71784,46966.8475727,69.0,0.19449,12722.476876,168.5699999999997,0.002582546264684016,0.12829000000000002,0.21760664913917394,-0.4650073756859796,-0.3197793491319734,0.4052296423051667,0.01537228982027495,0.04214179217888555,0.0072766230954554685,0.025879864286980803,0.0062622255947747075,0.006012317692995853,0.007552563088542169,219470.15456589998,0.005078617278381971,0.0555901954720435,0.0,1.087823874334553,0.06641563166357238,0.051191188312364216,2.03522,-0.2504419690317907,1.0,-0.011702537966814863
2026-02-24T00:00:00Z,64721.99,64897.27,64532.48,64665.99,1.57314,101819.7024435,134.0,0.87145,56387.423261,30.900000000001455,0.0004780684918981315,1.23221,3.6142609919924906,-0.08067226890756293,0.5813987415657249,0.7933005440317656,-0.26801721538420953,0.04412103715257321,0.0064181991377861925,0.027129586487713134,0.006136277067931069,0.005384414105371225,0.00564114150266614,159126.0625611,0.0019071254826026338,-0.034440075734406536,0.3333333333333333,1.0106854045884481,0.133054826091948,-0.0058517042138548385,2.45745,-0.2758511898360113,0.0,-0.005475675853721551
2026-02-24T01:00:00Z,64863.23,64919.98,64245.85,64311.9,0.90546,58409.3862861,72.0,0.33315,21476.8788348,-354.0899999999965,-0.005475675853721551,-0.6676799999999999,-0.42442503527975894,-0.052150956602639464,0.7476108586502209,1.4069534062646816,-0.8040437304377421,0.04385792408424331,0.006348988918292142,0.027300903483268753,0.0061194980289438405,0.005347908498761047,0.005341117239386831,36441.9546945,0.0012411914431056138,0.39521366572615746,0.3333333333333333,0.9547096093391079,0.6334690128033653,-0.6393207170172202,0.56221,0.18816290596069862,1.0,-0.0032659585551041426
2026-02-24T02:00:00Z,64308.82,64499.64,64101.86,64101.86,0.58562,37660.3578621,39.0,0.28468,18307.2597706,-210.04000000000087,-0.0032659585551041426,-0.31984,-0.35323481987056304,0.006662775601404165,1.0099637242186517,0.9346554195352278,-1.0,0.026184590875144517,0.006159626738423108,0.027363819764256572,0.006059328862577674,0.005222564895652441,0.02273503266102976,309139.1177596,0.004661802755444811,-0.07093701265972462,0.3333333333333333,1.060024427149059,4.369363014382996,3.730042297365776,8.95688,-0.005447056091002184,0.6666666666666666,-0.006091710911352632
2026-02-24T12:00:00Z,63301.56,63349.39,63283.11,63349.39,0.28578,18092.3113913,9.0,0.28578,18092.3113913,174.59999999999854,0.002763760670989157,-0.02509,-0.08070897802940136,0.6863188138973747,1.7760798972513636,0.44136645135511754,1.0,0.022995314276907673,0.004633289759887444,0.027765356871597577,0.005493600151411477,0.0043338008838491055,0.0033986916935690665,183950.8153809,0.0009479827486216151,-0.10743714768392565,0.6666666666666666,0.5840029018967989,1.2283354429527167,0.07826747166161468,2.9111599999999997,-0.1919544645549046,1.0,-0.006019631759674349
2026-02-24T13:00:00Z,62892.6,63059.16,62550.79,62968.05,3.61754,227260.9464094,108.0,2.29509,144216.1639719,-381.3399999999965,-0.006019631759674349,3.33176,11.658478549933516,0.40700064320268875,2.433853368321882,2.061948637522054,0.6415602808977565,0.023692813061193686,0.0047609251616411285,0.027979222793635593,0.005509226674425444,0.00444144259087221,0.005919733763597752,97620.6504862,0.002437060201373733,0.12143378137579386,0.0,0.6203420193748813,0.6972611436112908,-0.618993671949676,1.54571,-0.02161478872533254,0.6666666666666666,0.005711626769448808
2026-02-24T14:00:00Z,63006.21,63456.37,62787.51,63327.7,1.63859,103446.8528962,86.0,1.31693,83137.9128035,359.6499999999942,0.005711626769448808,-1.97895,-0.5470430181836275,0.4629590436243765,2.730704156325832,1.9996910642835384,0.6152558083903794,0.024201838504771745,0.004842321912737355,0.02816358522403381,0.0055144104140312546,0.004513938100355678,0.008927278516052704,317133.287791,0.002312857083730658,2.315524275976333,0.6666666666666666,0.5793884237635973,1.7369985071716059,1.1180048352219298,5.04485,-0.1237166169514688,0.6666666666666666,0.00766631347735669
2026-02-24T15:00:00Z,63926.64,63983.03,63813.19,63813.19,0.65499,41870.8832393,25.0,0.09579,6123.5157362,485.49000000000524,0.00766631347735669,-0.9836,-0.6002721852324255,0.36012155036893867,1.9971820684583392,0.4087293788279185,-1.0,0.025374333598136463,0.005122326633338668,0.028412960884213048,0.005583327868096907,0.0047174485081247705,0.016486385641722518,359482.6597271,0.002292211607840076,0.49453574498113556,1.0,0.6353290849585979,0.2109490993142411,1.328953934536171,5.69649,0.0043037962379576244,0.3333333333333333,0.0031349318220887934
2026-02-24T23:00:00Z,64100.46,64114.15,64008.28,64094.23,2.05656,13033.5719254,34.0,0.11151,119778.2203384,39.5,0.0006166601592108023,1.9463700000000002,17.663762591886744,-0.18828464088581973,-1.509846419230961,0.39358340458753854,0.6236894304336617,0.018452643691753548,0.004233404857693069,0.028448147232260208,0.005169231220588855,0.004233037497116398,0.003639953237600372,33081.7845209,0.001470976817141356,0.778008916362506,1.0,0.9410859675333885,0.9833244012860674,-1.1040317836244666,0.51589,0.27332735112841283,0.3333333333333333,-0.0010863692410378878
2026-02-25T00:00:00Z,64120.59,64120.59,64024.6,64024.6,0.19426,12446.4317155,15.0,0.10929,7003.5272872,-69.63000000000466,-0.0010863692410378878,-1.8623000000000003,-0.9055412922550279,-0.2725510352666569,-1.7826620519762229,0.43000492765308257,-1.0,0.018478449623363574,0.004072161327471946,0.028453615341293998,0.0051011018327891565,0.004145578353334771,0.006242444310468137,160978.1371278,0.001460235653871743,0.25185796067075883,0.6666666666666666,0.8628321273461124,2.0633729235708786,0.9593411399464119,4.8418,-0.07566601659949576,0.3333333333333333,0.002921845665572187
2026-02-25T01:00:00Z,64223.59,64276.54,64119.76,64211.67,0.44263,28420.9738052,31.0,0.17663,11344.939148,187.0699999999997,0.002921845665572187,0.24837000000000004,1.278544219087821,-0.330983429972727,-1.8255600511079064,0.6919970280350392,0.17247097844108814,0.017883438520171137,0.003992102503521823,0.028499596700664213,0.005053864169640729,0.004110091618828455,0.0056950706935358485,86762.8722974,0.0028900700950901534,0.3835949522211169,1.0,0.7715769593437313,1.2877240667402912,-0.3283829267938793,2.26361,0.015450218481776412,0.3333333333333333,0.026903053603807514
2026-02-25T02:00:00Z,66117.47,66117.47,65910.06,65939.16,1.16831,77125.692299,24.0,0.27164,17917.131664,1727.4900000000052,0.026903053603807514,0.7256799999999999,1.6394731491313284,-0.5803958303309795,-2.3097474261339066,0.4431174824278486,-0.7193963646882471,0.03184159597393306,0.008428738622747732,0.032358760213186115,0.00664459006466582,0.007172317070240454,0.032606870822322304,492192.4924485,0.0100505612328908,0.2291193372421479,1.0,1.1794378271862815,4.318687840576732,3.9903049137828535,14.52146,0.2644823750174241,1.0,-0.00030710127335564774
2026-02-25T03:00:00Z,65996.08,66289.39,65887.35,65918.91,3.94248,260495.6795193,183.0,2.30687,152472.974697,-20.25,-0.00030710127335564774,2.7741700000000002,2.3745153255557176,-0.23167935025011271,-1.7150675786947838,0.7680360673588368,-0.8430006964480875,0.03125132487127619,0.008085028831242258,0.03235891224936604,0.0065531333678369484,0.006877691178631338,0.006099008615281921,260495.6795193,0.0033148642823336515,0.013789348216733992,0.3333333333333333,1.2888311581676604,3.7412972767519537,0.24900763703089993,3.94248,0.11173280051398352,0.3333333333333333,-0.007140287968960601
2026-02-25T11:00:00Z,65418.9,65512.08,65381.38,65381.38,0.15625,10227.2663782,3.0,0.09298,31.3401972,-175.45999999999913,-0.0026764560341834276,-0.21844999999999998,-0.5829997331198291,-0.1514687075473104,-0.45826471298067684,0.5602709190672339,-0.9999999999999444,0.032347242981600584,0.006366971230650284,0.032929054314810864,0.00611999433831344,0.005480595469244866,0.004311931011550968,60667.4481697,0.000993545832299381,0.33769105753399997,1.0,0.7787484119386204,0.4582988991277046,-0.8318659576049906,0.92639,-0.12167125565220446,0.0,0.006585972948261354
2026-02-25T12:00:00Z,65341.51,65870.87,65772.2,65811.98,0.25097,16517.709708,18.0,0.14346,6771.4642872,430.59999999999854,0.006585972948261354,0.09472000000000003,0.6062080000000001,-0.1830896126950498,-0.46786122815449394,0.34422168988533525,-0.19367588932822005,0.03289100028784701,0.00638298862716672,0.03312149993343065,0.006132598338834057,0.005494341488020661,0.003158892008197241,9542.8711739,0.0014598078515946254,0.645145194896158,1.0,0.6826462074607382,0.21728154788535792,-1.0491475054903485,0.14590999999999998,-0.25042020048846886,0.3333333333333333,0.004118551060156461
2026-02-25T13:00:00Z,65855.03,66210.7,65855.03,66083.03,1.20737,16989.4697795,67.0,0.69995,46246.4457311,271.0500000000029,0.004118551060156461,0.9564,3.8108140415189062,0.20985050457175625,0.25982001015380496,1.1563307703561547,0.2820873281413017,0.03259226075037256,0.006231738882188694,0.03320440075837518,0.006086148498708857,0.005386432287682661,0.012243148066792449,234665.71617770003,0.0017819278792473923,0.15909751335982916,0.3333333333333333,0.6431183051546892,1.1898031062930523,0.14065560080270373,3.5641299999999996,0.4103410613435734,0.0,0.006096875400537716
2026-02-25T14:00:00Z,66279.39,66495.61,66279.39,66485.93,0.53718,35696.753872,24.0,0.47796,31764.2678557,402.8999999999942,0.006096875400537716,-0.6701900000000001,-0.5550825347656476,0.2794153653626425,0.6060046192329251,0.6719497793523534,0.9104615669225093,0.03266136334294589,0.006219608129737813,0.033101196035283,0.006085935375386032,0.0053814136948783535,0.01035899475369129,132319.2559249,0.0014772624668327045,0.22173486135508608,0.6666666666666666,0.6042146647064588,0.519018187751211,-0.3783625869485073,1.99781,0.5778457281088172,0.3333333333333333,0.015727989365569517
2026-02-25T15:00:00Z,67072.14,67531.62,66976.5,67531.62,0.68051,45794.573906,79.0,0.43063,28998.5926355,1045.6900000000023,0.015727989365569517,0.14332999999999996,0.26681931568561734,0.3564163169087432,0.9883718264426905,1.2526778192321453,1.0,0.035383245188208574,0.007421023459562533,0.03430531670507979,0.006534219634577491,0.006264213296311029,0.011530332620270745,284951.135703,0.0068368066413781025,0.21671121296209508,0.3333333333333333,0.8404313602813492,0.8530673391110879,0.47470475216258057,4.28007,0.13916214780196642,0.6666666666666666,0.006297198260607484
2026-02-25T16:00:00Z,67614.07,68074.68,67868.49,67956.88,0.3129,84847.1628232,91.0,1.09402,9754.2747413,425.2600000000093,0.006297198260607484,-0.36760999999999994,-0.5401977928318467,0.6205368214219859,1.7031337934810944,0.40363458401302665,-0.14263543333806747,0.03579920933969884,0.007336100878764798,0.034477143679599385,0.006527319525593756,0.006187620922568171,0.012452735191422943,145822.3402457,0.004292734668322531,0.07749937844883825,0.6666666666666666,0.9848461856608214,0.7843814615171758,-0.3096767093545952,2.17131,-0.27408781341729466,0.6666666666666666,0.011583521786167728
2026-02-25T20:00:00Z,68869.2,69072.62,68851.26,69040.24,1.37562,94980.6666887,29.0,1.37468,94915.8407063,-298.3899999999994,-0.004303373170193914,-1.3264299999999998,-0.49089765178290556,1.0,2.4407827311099846,0.30737827273295465,0.7074448861583186,0.03918599064944631,0.0075198212685568325,0.03566770976639098,0.006717545349074555,0.006265608908131273,0.008779227882174154,589435.6538263,0.003669764270279,0.6597954825380918,1.0,1.3333504175771504,0.010206647010657488,0.40862467912222145,4.9577100000000005,-0.10983144235277523,0.3333333333333333,0.0019084522301775486
2026-02-25T21:00:00Z,69063.5,69354.9,68664.77,69172.0,5.66361,390906.4504419,146.0,3.35792,231752.3003729,131.75999999999476,0.0019084522301775486,4.287990000000001,3.1171326383739695,0.709215600430986,2.3248244368059083,1.0442354685691273,0.46995493602657606,0.03923220096146366,0.007232891195561501,0.03568083033804159,0.006632397657240194,0.00604266762664555,0.009977013820620918,697591.2115202,0.004109658226692222,0.05573800942572042,0.0,1.1216589690176075,1.3378753876749774,1.7465000667971988,10.11045,-0.04747558007172483,0.0,-0.010909182906378323
2026-02-26T13:00:00Z,68014.45,68264.01,68014.45,68036.34,1.08152,73697.2667296,59.0,0.7313,24441.7110271,-178.74000000000524,-0.0026202417412690693,0.99651,11.722267968474297,0.1650178729092762,-0.7446312193880147,0.6559226924475298,-0.8245712453918927,0.03262777914595703,0.0056028088262384795,0.0299342436214797,0.0061670567873050395,0.004913763133227718,0.0036626950778461793,113880.6996874,0.0017137373322168184,0.24745317492388502,1.0,0.7185245689468863,0.17604369877034698,-0.8833283081819364,1.67081,-0.0929116547118335,0.6666666666666666,-0.00253717351638838
2026-02-26T14:00:00Z,68194.54,68142.99,67863.72,67863.72,0.26731,32207.7792401,21.0,0.07645,39190.3443057,-172.61999999999534,-0.00253717351638838,-0.8142100000000001,-0.7528385975294031,0.15698696420476113,-0.8078081343811839,0.7785578544844745,-1.0,0.032157099916643485,0.005421848301033343,0.029925311011917508,0.006096508195023097,0.004801379209530981,0.0050443742252856425,78965.0705768,0.002059308848901101,-0.199434186512544,0.3333333333333333,0.7275512069200667,0.12295661564714588,-0.7603716925347905,2.05251,-0.04326859565384382,0.6666666666666666,-0.007448309641734929
2026-02-26T15:00:00Z,67001.94,67458.4,66759.4,67358.25,1.07187,71910.1600572,134.0,0.66476,44597.9417215,-505.47000000000116,-0.007448309641734929,0.8045600000000002,3.009838763981894,0.3225341222802347,-0.2715010377949248,1.5047305369885982,0.7134477825465116,0.029093609611953664,0.005613928519196085,0.03023391564590537,0.006138440526033307,0.0049540474911259425,0.014589398589894779,416949.4336779,0.0031216371875956847,0.045821536261294905,0.6666666666666666,0.8053086235790218,1.3024817032406792,0.5421100107058886,6.14368,-0.12603736703208634,0.3333333333333333,0.0016599302980704334
2026-02-26T17:00:00Z,66895.07,67557.89,66771.44,66977.41,3.34248,224444.1482794,110.0,2.99604,201243.4712748,-492.6499999999942,-0.007301757253513563,3.1854400000000003,20.284258787570046,0.5497891005007304,0.10241710487463875,1.5409207578716269,-0.47620319155701024,0.02703423795151696,0.005583401430153156,0.029739101318159118,0.00609826149891991,0.004958695411801398,0.015348797283864042,310960.7378001,0.0055759671619985286,0.21091046056657986,0.6666666666666666,1.0641528853265532,1.6350905234733397,-0.06518826447932238,4.6366700000000005,-0.02814901434827105,0.6666666666666666,-0.0023004771310207728
2026-02-27T03:00:00Z,67144.0,67400.0,67144.0,67338.36,0.32218,21692.855519,21.0,0.22545,15178.9084391,15.259999999994761,0.00022666811243077234,-0.04403999999999997,-0.12025558407514603,-0.11109365864725898,-1.4216547189379825,0.7343695466128651,0.5184375000000045,0.022807131739971127,0.004798838949976605,0.029026495027963672,0.00569534532705052,0.004521400893928639,0.003417563916467383,91335.32130750001,0.001381268149920408,0.00980777649167891,0.6666666666666666,0.724986294398601,0.32976914143601804,-0.7361937445065981,1.35517,0.5292344759524283,1.0,0.006436895701053658
2026-02-27T08:00:00Z,67580.55,67722.74,67580.55,67650.89,0.24045,16269.0448629,11.0,0.10484,7095.4642612,157.36000000000058,0.002331482736197099,0.12446,1.0730235365117684,-0.20923580543151712,-0.9290661124355509,0.5212975919148037,-0.010619593501718042,0.021338329103098026,0.004378640973613256,0.02910910930339813,0.00546252934567973,0.00430262535222342,0.003890857902978086,42321.7390805,0.002196182124634626,0.13963979929883413,0.3333333333333333,0.8705010765885185,0.004106013267882069,-1.0214183077407148,0.4333,-0.026429108510597904,0.0,0.00483408274451369
2026-02-27T09:00:00Z,67959.44,68075.89,67889.67,67977.92,0.31444,21390.3390073,21.0,0.0021,18100.4249479,327.02999999999884,0.00483408274451369,0.07399,0.30771470160116454,-0.56146269706757,-1.1438821021741516,0.6188184340679136,-0.05219632692514823,0.02028590027477181,0.0044157862513429375,0.029225221709474745,0.00544599499206991,0.00433867732371476,0.004790526100239521,32478.8744804,0.0021899235196783736,0.4131267161441851,0.6666666666666666,0.9285273041663002,0.0863193877495938,-0.935098919991121,0.47785,-0.08593895765949794,0.3333333333333333,-0.01712541366373077
2026-02-27T10:00:00Z,67316.31,66957.0,66637.61,66813.77,1.32847,88759.1960007,32.0,0.79446,53184.2181982,-1164.1499999999942,-0.01712541366373077,1.01403,3.224875969978374,-0.12825480673159573,-0.866004948452926,0.747215983529851,0.10310278969292144,0.02658349170147247,0.0064660520117362985,0.030857473989317184,0.006084500868383817,0.005732436653713981,0.011950611126819895,58446.126552300004,0.0032242013210971618,-0.2307783192302731,0.6666666666666666,0.9332138733134739,0.31411794026685136,-0.6209809797242697,1.16506,-0.41013366363537035,0.3333333333333333,-0.003024226892151094
2026-02-27T14:00:00Z,66305.17,66321.68,66206.25,66321.68,0.09656,6401.666769,31.0,0.05135,30079.1449493,441.4899999999907,0.006701407509601687,-2.5440199999999997,-0.9634322762423407,0.665628017075923,1.3376897151935083,0.16574688766888893,1.0,0.028628783524760653,0.006329997374287052,0.03120069965335462,0.006071523562643425,0.005580481846568289,0.00949626611700007,208493.5321426,0.0014263458326609607,0.08555757909131045,0.3333333333333333,1.0083666441641452,0.5866169771072661,-0.057270478441118884,3.15942,-0.010687053513422348,0.6666666666666666,-0.006892165578435194
2026-02-28T04:00:00Z,65742.73,65757.28,65646.17,65646.17,0.44321,29116.9780737,7.0,0.01623,1067.0494111,-323.83000000000175,-0.004908746399878705,0.26475,1.4835257200493106,-0.09738313025056108,-0.6673297363824647,0.3645560483187447,-1.0,0.028915683212426796,0.00510406249557331,0.028147835962750455,0.0056955911865515995,0.004688456828518232,0.003322478212902651,39498.4395017,0.0015121811870251066,0.3819392075950519,0.3333333333333333,0.6703647356274361,0.011601264529963351,-0.904340271437314,0.31802,-0.09722123609979577,0.3333333333333333,0.0009750759259830044
2026-02-28T05:00:00Z,65713.08,65713.08,65710.18,65710.18,0.00762,500.7335826,2.0,0.00762,500.7335826,64.00999999999476,0.0009750759259830044,-0.43559,-0.9828072471289006,-0.5285718370809537,-0.6590029047585514,0.01419319053139008,-1.0,0.02889777888851096,0.004903399370548299,0.028069259425762848,0.005619343524391541,0.004564094327493884,0.006357614604008117,61873.1850174,0.001163987906592795,-0.41147334394250923,0.6666666666666666,0.6826516156529929,0.49601143491935273,-0.40832883651796126,1.87736,-0.36465731747199304,0.3333333333333333,-0.0017580228816903576
2026-02-28T06:00:00Z,65682.35,65713.38,65506.65,65594.66,0.34998,22956.5281124,26.0,0.18255,11976.493871,-115.51999999998952,-0.0017580228816903576,0.34236,44.92913385826772,-0.38627487446531455,-0.6574046626433823,1.0946203537011607,-0.14855125042321568,0.02881885285810909,0.004729434034620865,0.028080070795758128,0.005549479440101784,0.00446124037231248,0.003151628501466479,38320.4645821,0.0009377036970210432,0.2608006171781244,0.3333333333333333,0.6836399354837457,0.40740935858279104,-0.8157381951007523,0.5841100000000001,-0.2348731336099818,0.3333333333333333,-0.027172638748337197
2026-02-28T08:00:00Z,63812.28,63864.61,63591.55,63664.7,0.80696,51394.8569132,34.0,0.38273,24391.7023268,-147.58000000000175,-0.002312720999782525,-0.6961400000000001,-0.4631361852172178,0.21295826201688528,-0.1051487908143687,0.45361064504875087,-0.4642203178788925,0.0397717096406369,0.00867282270203378,0.032099392950200194,0.007035773291310589,0.007241612944756215,0.01817960817557638,491581.80952929996,0.007794820063806266,0.14415933957093524,0.6666666666666666,1.2572431173582272,3.187398057463704,0.6243358867747701,7.71339,0.2004512172293014,0.6666666666666666,-0.00024094985133038538
2026-02-28T11:00:00Z,63636.77,64102.95,64106.55,63950.6,0.09173,16149.3704941,3.0,0.15011,9634.5461538,398.1100000000006,0.0062642706839652895,-0.1401,-0.6043221325971617,0.40737942484548195,0.17578175320592673,0.00569943401454803,1.0,0.03594928986985605,0.007865471621139753,0.032199347925448214,0.006831955357579576,0.006557136212199163,0.00971327868698649,202649.719282,0.0027975466701955273,0.0779709428351579,0.6666666666666666,1.5662371207564412,0.46183042541606034,-0.2203169208212988,3.1773100000000003,1.0440270041702975,0.6666666666666666,-0.002419523819948477
2026-02-28T12:00:00Z,63986.02,64267.57,63795.87,63795.87,1.25964,80673.1023682,62.0,0.39128,25083.8005895,-154.72999999999593,-0.002419523819948477,1.16791,12.732039681674479,0.19486079260647798,-0.013503742815773278,0.697984127532166,-1.0,0.034837740754460764,0.007575345246715249,0.032006099545817256,0.006749637409653032,0.006323752551367999,0.007393895560950843,80673.1023682,0.0043259489673445105,-0.35224364152503923,0.3333333333333333,1.813724306981736,0.18875210591907568,-0.4090690267403745,1.99642,0.4368027264848079,0.3333333333333333,0.0034296891005640706
2026-02-28T13:00:00Z,64024.7,64117.58,63906.45,64014.67,0.95204,41514.5938709,13.0,0.8915,57141.6156573,218.79999999999563,0.0034296891005640706,-0.3076000000000001,-0.2441967546283066,0.15661311422146637,-0.05833666619893108,0.6727813479207749,0.025150381281663216,0.03495679934184875,0.007330265428261648,0.031979164626936424,0.006680615045045765,0.006130007280120832,0.004017672824057397,41514.5938709,0.0008544676128151999,0.6771830653110285,0.6666666666666666,1.4610200265873579,0.232689955909396,-0.6417589826497705,0.6490900000000001,-0.22833253041681487,0.3333333333333333,0.0177838923484257
2026-02-28T16:00:00Z,64446.64,65019.11,64772.44,65162.77,1.76257,113942.3292773,15.0,0.8986,58090.6280441,732.5099999999948,0.011369036846972103,-5.07661,-0.7422834316394655,-0.0837842727154431,-1.501778252158815,0.3977639517852077,1.0,0.041128270004609925,0.009070074035052847,0.033222051349614506,0.007478842541884755,0.007394548780804917,0.012290085378750187,212932.36300349998,0.0051090349731255005,0.03611759066784846,0.6666666666666666,1.5390108154718356,0.9834678902123768,-0.4358875982874693,1.76257,0.6466928045250515,1.0,-0.000340685333051316
2026-02-28T17:00:00Z,65161.68,65161.68,65029.47,65140.57,0.18724,12184.6954542,15.0,0.1593,10366.5330754,-22.19999999999709,-0.000340685333051316,-1.57533,-0.8937687581202449,-0.08463063132587792,-1.3908174770660977,0.24037526249284033,0.6806595567657956,0.0396076356861466,0.008700243217593724,0.032550423134882316,0.007375896789226968,0.007086411066757717,0.007495943004490037,85770.4268769,0.001171582062561198,0.10213505298770437,0.6666666666666666,1.4707761585842967,0.024489115797518224,-0.46037671408498754,1.31998,-0.45552276366412026,1.0,0.004841990176014832
2026-02-28T18:00:00Z,65073.73,65553.02,64846.82,65455.98,1.97469,128512.8342633,110.0,1.35662,88288.2081516,315.4100000000035,0.004841990176014832,1.78745,9.546304208502457,0.010505536056681707,0.32359411523135617,1.1987811882000543,0.7251770036816861,0.03912762351197802,0.008456077195528856,0.032069634540829534,0.0073179618541344155,0.006882012217424849,0.010788930209279646,201943.6948396,0.004347531481537169,0.3061085536647305,0.3333333333333333,1.4567347006032827,0.405379209069047,-0.05499750501594053,3.10351,-0.14933835617945523,0.3333333333333333,0.0139771797779209
2026-02-28T19:00:00Z,65376.21,65941.97,65737.45,66370.87,3.16996,290152.354596,21.0,0.15353,150668.8684226,914.8899999999921,0.0139771797779209,1.19527,0.6052950083304216,-0.22728924372113246,-3.404599674988193,0.3317553739385342,1.0,0.04100940053690452,0.009010996727688075,0.0330317150667113,0.007573894566398535,0.007297887216693767,0.014768644550603028,445942.36436999997,0.004387838374755051,0.0804957730146679,0.3333333333333333,1.6172887621356005,0.7341562368421235,0.6791587318261829,6.79944,0.1353090402374991,1.0,0.00282051448172993
2026-03-01T00:00:00Z,66912.47,67113.8,66830.75,66954.13,0.34126,22865.3556528,37.0,0.08037,5385.4341042,-219.8799999999901,-0.00327328977382757,-0.18306,-0.34913793103448276,-0.5991428676986736,-1.9338499856153917,0.5244515539305405,-0.1282105635046058,0.041271593905756,0.0076471753600045956,0.032526390415726414,0.007193204021308997,0.00621029563628065,0.006803314448264726,51631.8130475,0.0021383702663815055,-0.1173449763129484,0.6666666666666666,1.0456308147770417,2.9129761313123472,-0.5543094234708106,1.3595700000000002,0.050209602590869096,0.6666666666666666,-0.00930831301967494
2026-03-01T01:00:00Z,66276.76,66410.72,66196.49,66330.9,1.12344,37881.8673437,30.0,0.37977,14445.7451263,-623.2300000000105,-0.00930831301967494,0.78218,2.2920353982300883,-0.2734595288903898,-0.21127352320816362,0.3662166050787878,0.2548195864256567,0.04230136410529763,0.0077972815465579045,0.032570053805190256,0.007260902398499005,0.006331184887630299,0.007102681894591528,56763.6150521,0.002027468543834473,-0.40272492277282307,0.3333333333333333,0.9336922108272181,0.03396412556017059,-0.52034529791064,1.51654,0.14477935989295934,0.6666666666666666,0.02203512993190193
2026-03-01T07:00:00Z,66940.53,67040.09,66802.35,67035.52,0.20295,13586.0934799,28.0,0.15032,10068.8952797,-17.179999999993015,-0.0002562163790569283,-0.31143,-0.6054473346553132,-0.3490474124848764,-0.8620952761228794,0.4378013559675616,0.9615546395222292,0.03905109803859327,0.008089415739845915,0.03457862367106791,0.007567875936133835,0.006491774910775653,0.008040556109841479,101250.1382834,0.0014705669946353615,-0.03781594684570586,0.0,0.9495329377133502,0.024844234288939226,-0.7730848499762805,1.5113400000000001,-0.4872488776891012,1.0,0.002114699789007357
2026-03-01T08:00:00Z,67210.63,67275.08,67149.35,67177.28,0.1047,7032.9683535,8.0,0.04828,3242.6067048,141.75999999999476,0.002114699789007357,-0.09824999999999999,-0.48410938654841096,-0.4035605018623563,-0.8954995683307841,0.42844729174829954,-0.5557146265807493,0.03903959144212565,0.0077820663440521555,0.03445384776102344,0.007471672542414219,0.006257152161769641,0.006269165033768724,47786.8975638,0.00039340267239985183,0.24343761766933514,0.3333333333333333,0.6895076522091548,0.14444144822956284,-0.9175262982058433,0.71298,-0.16798227991044068,0.3333333333333333,-0.00911439105602374
2026-03-01T13:00:00Z,66476.93,66553.13,66263.25,66303.96,0.88086,58493.3058406,61.0,0.49122,32621.2994362,-175.0,-0.0026324118187167622,0.66045,2.996461140601606,0.15053249012015343,1.5038914236464733,0.9307931071390466,-0.71912515523661,0.03946253707637551,0.006735536501376902,0.03445151555068403,0.007132150930330784,0.005510606272624169,0.004371986228273615,58493.3058406,0.0013074005672111737,-0.14846450139593112,0.3333333333333333,0.654700642033274,0.8303198234139844,-0.9066717956153701,0.88086,-0.2534072797488014,0.6666666666666666,0.009693689487022983
2026-03-01T14:00:00Z,66328.37,67323.07,66136.1,66946.69,4.05422,271232.9321734,317.0,2.89244,193363.9521938,642.7299999999959,0.009693689487022983,3.1733599999999997,3.6025702154712445,0.34264866616410344,2.530279758818374,2.529046416738571,0.3658137947884036,0.03660087398366279,0.007013076037920234,0.034867998210574715,0.007212743148612774,0.005743112454143168,0.01773007746910267,271232.9321734,0.0041205191772090725,0.319186154270326,0.6666666666666666,0.892804163963263,0.9222899645696726,0.015618168954302417,4.05422,-0.21570405555558306,0.6666666666666666,0.0023705428901712455
2026-03-01T15:00:00Z,67130.0,67212.3,67035.8,67105.39,0.70045,47038.6568275,30.0,0.20593,13831.6222349,158.6999999999971,0.0023705428901712455,-3.35377,-0.8272294054096718,0.28559560519702915,2.0683489400537414,0.4649365815965874,-0.21144475920683845,0.034939418549860456,0.006759960885582945,0.03462679458489649,0.007124040418179483,0.005564648745304929,0.007747621632858763,120696.19319779999,0.002246939890857275,0.16339906923789538,0.6666666666666666,0.7266162344220363,0.18486041117281143,-0.169242242218509,3.26701,0.2991031275985643,0.3333333333333333,-0.00207479607822858
2026-03-01T16:00:00Z,66843.79,67020.84,66911.72,66966.16,2.11985,23025.0843865,126.0,0.66421,64154.0887624,-139.22999999999593,-0.00207479607822858,1.4194,2.026411592547648,0.14579713231563338,1.524978980531193,0.30627452998328636,-0.002199413489650816,0.03312515726729164,0.006510484134571379,0.03463431648511632,0.007034178825919733,0.0053930019895162135,0.0062345858832861395,248223.94410269998,0.0034512397762894048,-0.03954852769243711,0.0,0.7534070372822168,0.3381248450990585,-0.5073670873175675,2.11985,0.09141930732277732,0.3333333333333333,-0.014244806630692275
2026-03-01T17:00:00Z,66053.85,66120.75,65972.88,66012.24,0.58966,38944.9988124,33.0,0.33479,22106.3285037,-953.9199999999983,-0.014244806630692275,-1.5301900000000002,-0.7218388093497181,0.09554080637911623,1.228419897484076,0.2936385269421744,-0.4676404950293931,0.036097135208202964,0.007447345161717475,0.03535884277612269,0.007332366938501454,0.0061211261242021826,0.01919154043318006,596665.4845538,0.0058986740641654364,0.1746424047284154,1.0,0.9395391789897191,1.3111874044220637,0.8038203171044962,6.8688,-0.18646417425314576,0.3333333333333333,0.000405833827181068
2026-03-01T18:00:00Z,66046.19,66114.05,65947.72,66039.03,0.5284,48333.5611257,42.0,0.43966,29178.4296001,26.789999999993597,0.000405833827181068,-0.06125999999999998,-0.1038903775056812,0.1333259705367931,1.376682073518117,0.32237203382713303,0.09793783442541258,0.0357747949516087,0.007144164381048735,0.03533460780569753,0.007231537870448741,0.005893182352472619,0.007625339136568063,562692.2664572999,0.0009927883973995058,0.300320587549166,1.0,0.9865892199507008,0.3770126158425746,1.1808329329470708,8.51621,-0.23561795364930502,0.0,0.00380956534340382
2026-03-01T22:00:00Z,65917.74,66467.17,65530.38,65379.14,1.94563,128522.761371,44.0,0.35755,78946.8894217,4.120000000002619,6.302101322486209e-05,-1.8342200000000002,-0.48526264269746155,-0.08856509851070418,0.035930305625442104,1.2582243911174784,-1.0,0.03454397137279126,0.006711271736344135,0.0354082428591051,0.007066610951481279,0.005600226368169565,0.0071698593622079865,169186.0568507,0.0007915773968093243,0.05123818886900297,0.0,1.003335346733184,0.563816913590871,-0.6476067631826044,1.56762,0.13975279632205617,0.6666666666666666,0.006164198550179689
2026-03-01T23:00:00Z,65824.87,65862.03,65050.37,65782.15,0.46863,30781.0912384,23.0,0.43777,17978.0947832,403.00999999999476,0.006164198550179689,-1.4769999999999999,-0.7591371432389509,-0.04966266290275945,0.18340098780278288,1.1363596059343135,0.8031688145282473,0.03444339220907561,0.006667760477823895,0.03558516991738359,0.0070429749196889435,0.005578037618404145,0.021729398136467855,316651.1774857,0.005451933557377015,0.10969814763812755,0.3333333333333333,0.9504829396940739,1.3218613564968948,0.6742545933142905,4.8169,-0.31621328614993516,0.6666666666666666,-0.0009269991935502153
2026-03-02T02:00:00Z,66143.72,66266.61,66070.97,66200.78,0.8711,57637.520256,32.0,0.52989,35054.6946985,-297.6499999999942,-0.004476045524683725,0.6581699999999999,3.0910158267975385,-0.08820307687549442,-0.08453847023091599,0.25893605569428113,0.32702923737467576,0.027790244641247575,0.006816295678196129,0.035996522977118604,0.007063588086287482,0.005714370797603533,0.010102948719817756,90695.29253060001,0.0052315388537997835,0.18892056435681875,0.6666666666666666,1.4365639114764126,0.20702769280846112,-0.40961969385263575,2.48069,-0.011356552184630525,0.0,0.001142131557966497
2026-03-02T05:00:00Z,66830.27,66967.74,66660.66,66819.42,1.27298,85035.2049987,69.0,0.78542,52480.4850233,61.13000000000466,0.0009156915193604398,1.09517,6.159214892300771,0.13843706850936358,0.5538489207017504,0.6632803303297932,0.0339976553340275,0.028472429087790373,0.006340155179802766,0.03604937088250742,0.006881861300775833,0.0053825032570526885,0.0045956699414631515,85035.2049987,0.0007933134891480624,-0.09777187352411046,0.6666666666666666,1.331563689733659,0.10021421038841472,-0.48425003548504786,2.00059,0.08853565642774876,0.0,-0.0016945672380873633
2026-03-02T11:00:00Z,66311.72,66311.72,66084.43,66112.93,0.56589,37454.3292096,29.0,0.1096,7256.2383868,-157.10000000000582,-0.0023706040271900264,0.36426000000000003,1.8065764023210833,0.27276439497472593,0.28437133158125655,0.447201180521413,-0.7492190593514982,0.029157825208248375,0.005833236591110741,0.03516603732763064,0.006642432754355469,0.005065985103185454,0.0037671703488366746,49219.26708,0.0011721959077105907,2.8803900247958985,0.3333333333333333,0.9544729254308998,0.1691138446220768,-1.0150427256687273,0.74292,0.38452568045912106,0.3333333333333333,0.0005310610193800525
2026-03-02T12:00:00Z,66225.14,66244.37,66148.03,66148.04,0.22675,15010.1411638,7.0,0.12,7940.7452,35.11000000000058,0.0005310610193800525,-0.33914,-0.5993037516125042,-0.1104414631349612,-0.8190828841061067,0.2441583455826349,-0.9997924019100112,0.029153836468530207,0.005597058806743497,0.03476435371515208,0.006551398018574502,0.004910384747088634,0.006585919255804146,92890.4915241,0.002790662442984317,-0.013252659288127404,0.0,0.891818180615563,0.30030559584408656,-0.7147371298246408,1.4035199999999999,0.2303606966395269,0.6666666666666666,-0.008907142222203235
2026-03-02T13:00:00Z,65812.99,65919.31,65538.3,65558.85,0.62661,41187.287465,37.0,0.08794,5778.3204534,-589.1899999999878,-0.008907142222203235,0.39986,1.7634399117971333,-0.39648370712015923,-1.4422714058018815,1.115287230150003,-0.8921288155165982,0.03038170453221519,0.005935054782467197,0.03512984307305976,0.006628577886317503,0.005167511381967874,0.00724843641781078,52570.2344535,0.0014559363463456372,0.14125038651473115,0.3333333333333333,0.8372310227124481,0.22932912979840614,-0.9440662596230469,0.7948299999999999,0.17491449396578862,0.3333333333333333,-0.0015916996713640774
2026-03-02T14:00:00Z,65635.92,66119.0,65280.48,65454.5,1.49802,98543.3642083,110.0,0.6786,44657.0714983,-104.35000000000582,-0.0015916996713640774,0.8714099999999999,1.3906736247426625,-0.28456377862537857,-1.3313361834580646,2.2019861607748434,-0.5849353623050283,0.028853436021343912,0.005710506891230719,0.034929669440978604,0.006542460130774861,0.0050159479473452315,0.011478660749069992,98543.3642083,0.0015346467053722747,1.3750737394610884,0.3333333333333333,0.706778846927071,0.31241505881221665,-0.6316512008108303,1.49802,0.3014991770438243,0.6666666666666666,0.02345904406878052
2026-03-02T15:00:00Z,65408.26,67201.2,65280.48,66990.0,5.52998,367163.5597213,276.0,2.93094,194574.7518309,1535.5,0.02345904406878052,4.03196,2.6915261478484935,-0.07856046100766792,-0.9833317461717174,2.9549765767428875,0.7800824690741033,0.03694053360314858,0.00854495011994029,0.037193648367297924,0.007507480809625841,0.007108317812646681,0.028671742051052305,367163.55972130003,0.006673278171486949,0.10966533170309822,0.6666666666666666,0.7976559081320675,1.4747079836289836,0.8430567828181534,5.529979999999999,-0.0969214077746324,0.6666666666666666,0.034807135393342126
2026-03-03T06:00:00Z,67935.89,67977.54,67919.83,67967.58,0.12649,8595.6639247,18.0,0.07753,11613.8359823,-136.27999999999884,-0.0020010613201659755,-0.52746,-0.80657542625583,0.29761114797611177,0.7665924119534474,0.22748236036103855,0.6548258534051895,0.046721920200188144,0.007807818763360035,0.041818289342798194,0.00801085572355924,0.006143185102455766,0.009956805877154824,202061.89880249999,0.0037004965080050054,0.057568122848169534,0.6666666666666666,0.6946779034168078,0.7496816274959625,-0.12055615905807919,2.95711,-0.27608984869013065,0.3333333333333333,0.0012182278668741997
2026-03-03T07:00:00Z,68279.42,68112.65,67977.79,68050.38,0.11278,7673.5248693,19.0,0.11132,12205.1340578,82.80000000000291,0.0012182278668741997,-0.013709999999999986,-0.10838801486283489,0.31767673660247364,0.8982309567093824,0.6124710477315143,0.07652380246186372,0.045282757976973724,0.00749690956265459,0.038681875921832955,0.007902925603151341,0.005919371972010237,0.005634590405741636,88146.1225426,0.0013654711065792405,0.3046331392366931,1.0,0.6525060754622753,0.46648534395060753,-0.5870415030086867,1.2967,-0.1406705912539086,0.3333333333333333,-0.0010207143589794354
2026-03-03T08:00:00Z,68173.5,68301.89,67980.92,67980.92,0.04836,31774.6611329,47.0,0.0,0.0,-69.4600000000064,-0.0010207143589794354,-0.06442,-0.5712005674765029,0.21226459289796765,0.008945949752210957,1.4365787432118153,-1.0,0.04528941997223683,0.007196582142266888,0.038663266037375806,0.007795747342446989,0.005708521192095852,0.004423030140040449,43777.5757818,0.0016100782690779151,-0.19502325674389934,0.6666666666666666,0.6192074337905585,0.1476866721421637,-0.7347281751508504,0.64235,-0.5861884029434807,1.0,-0.014945075765376514
2026-03-03T15:00:00Z,66937.14,67573.09,66171.2,66575.81,4.56462,305460.9107007,440.0,2.17077,145244.1007407,-236.72000000000116,-0.003543047988154302,4.14971,10.00147019835627,-0.34560683277368665,-2.2342010361473204,1.9181200401349936,-0.422764981560596,0.04241290387983515,0.007146343959076177,0.03822835076662266,0.007719940802489644,0.005789029873808287,0.021057047597317996,305460.9107007,0.007084674885097553,-0.2536651428703593,1.0,1.2269753226132483,1.126853058280416,0.8778510251431937,8.14453,0.269693308008721,0.3333333333333333,0.03430585373275963
2026-03-03T16:00:00Z,68571.42,68991.95,68319.39,68859.75,0.50049,160867.1810289,79.0,0.36166,24837.0355863,2283.9400000000023,0.03430585373275963,-4.06413,-0.89035450924721,-0.3365692703207066,-1.944907502448322,0.6387023864920527,0.606875223028436,0.04202299620229625,0.011747531669208519,0.04240349176371694,0.009441179603259851,0.009383443371276447,0.018770179672041865,293746.58130960003,0.003884994457633292,0.01472512520081238,0.3333333333333333,1.354157373830442,0.8245278640240232,0.053323161119170404,4.37659,-0.28034083032160795,0.3333333333333333,-0.009691728477085548
2026-03-04T00:00:00Z,68479.07,68499.22,68255.28,68263.23,0.02913,1989.3973268,21.0,0.04771,3254.1564841,-237.82000000000698,-0.0034717716005814303,-0.08771999999999999,-0.7507060333761233,0.7687898785369792,1.3207071074304242,0.5795813633015782,-0.9348200377142165,0.04341316061811326,0.009258287459386458,0.04236475109698467,0.008829817281659921,0.007213708568649727,0.007325026958144214,38019.5555375,0.00468751452692123,0.48257550649856756,1.0,0.9221169799175838,0.5131722713244449,-0.9064259769922378,0.55569,0.25727374502524025,0.3333333333333333,0.0009844245577010913
2026-03-04T01:00:00Z,68190.35,68330.43,67987.17,68330.43,0.33639,22921.8565462,19.0,0.07884,5369.9941196,67.19999999999709,0.0009844245577010913,0.30726000000000003,10.547888774459322,0.44234034639455416,0.7596369038787372,1.0470138479370268,1.0,0.043224131123725515,0.00888459716768075,0.04202311426462655,0.008709543715378876,0.006919699351177131,0.006961203808024053,21727.266991999997,0.004121812265986481,-0.050467151687050654,0.3333333333333333,0.8762880200750083,0.024125237187863635,-0.9305512141801014,0.31888,0.07434999258362056,0.6666666666666666,0.001086924229805053
2026-03-04T05:00:00Z,67893.97,67950.62,67736.14,67744.93,0.3794,25736.8379977,16.0,0.10042,6815.101133,121.81999999999243,0.001801455153423115,-0.23022000000000004,-0.3776450903841738,0.09084917738088404,0.6795110798602809,0.4748564596832466,-0.9180343155540238,0.04342218348006051,0.007852739398226914,0.04032355482591961,0.00835251899756121,0.006161283985581687,0.006704546560736007,209324.2632931,0.0025725123028763307,0.34509730051156506,1.0,1.0118225350666707,0.12918953975543226,-0.24979345225848773,3.09354,-0.31394319432667417,1.0,0.005216036093033116
2026-03-04T06:00:00Z,68150.0,68375.0,68173.57,68098.29,0.41315,28241.3680217,82.0,0.47873,32573.1157152,353.3600000000006,0.005216036093033116,0.03375,0.0889562467053242,0.14355778915868658,0.8392520603513111,0.3905776352953991,-1.0,0.04368683485098327,0.007674473165734167,0.04029473599294892,0.008282194398447868,0.00604305949545865,0.010030485369002065,122850.74071730001,0.004217999899387189,-0.15948746342258716,0.3333333333333333,0.9858161719820762,0.33813229135322376,-0.5879257436117115,1.8084,-0.1464536518620813,0.3333333333333333,0.004690866686960948
2026-03-04T07:00:00Z,68570.39,68617.52,68417.73,68417.73,0.21286,14579.1631355,24.0,0.16522,11318.4529641,319.4400000000023,0.004690866686960948,-0.20029000000000002,-0.48478760740651095,0.18603946439249036,0.94079532807261,0.36655240634681413,-1.0,0.04391991256147995,0.007479161153978931,0.04038495196598382,0.008204600893054647,0.005912849053115163,0.008850315629248222,170492.1557843,0.004654938283872624,0.03822339373483857,0.6666666666666666,0.9742068514574186,0.1719873253044516,-0.41593841830725986,2.49699,-0.15150370237277042,0.6666666666666666,0.02151021379984419
2026-03-04T08:00:00Z,69427.48,69900.67,69396.72,69889.41,0.57778,40207.0883517,46.0,0.40691,28307.0972686,1471.6800000000076,0.02151021379984419,0.36491999999999997,1.7143662501174481,0.28270299173478447,0.8450558673866967,0.7869259477100327,0.9553130270860121,0.04879390358354576,0.00936467627960627,0.04219518040796824,0.008824977971423807,0.007423750199187558,0.01790365295174464,260874.7238398,0.003939063917753524,0.3442247840426393,0.3333333333333333,0.9156774875994322,0.315900609100465,-0.10003780920679481,3.7763299999999997,0.01285744781160203,0.0,0.015720407426532912
2026-03-04T13:00:00Z,71307.62,71616.17,71307.62,71317.14,1.61138,114965.1788233,43.0,0.30652,19644.4579268,420.63000000000466,0.005933014192095021,1.03339,1.7879029048945485,0.18929910223663032,0.6805319549971593,0.34576594075679346,-0.9382920110192108,0.049452222229416525,0.009000156617109064,0.04328718683223273,0.00878344339322999,0.007088968468096116,0.010640813397927308,192317.1018961,0.004839486675351156,0.21656373622800623,0.6666666666666666,1.0586552530897684,1.0517621672483548,0.17620192678852997,4.9175699999999996,-0.059875556466422446,0.3333333333333333,0.001798445647147373
2026-03-04T14:00:00Z,71708.23,72613.19,71266.35,71445.4,3.0643,218796.686806,115.0,2.11423,472810.7366804,128.25999999999476,0.001798445647147373,1.4529199999999998,0.9016619295262445,0.22603948379821337,0.9297001155203248,1.5486556409421084,-0.7341183808024876,0.04873437878366709,0.008647593974920988,0.04293990174106158,0.008667390883909843,0.0068109879252750884,0.004892180301079734,416700.0991709,0.0006773854474784954,0.23690002265626575,0.6666666666666666,0.9603440418956276,0.18973488546449546,0.36593681225302543,5.8362,0.08510855775304077,0.0,0.018213908803085932
2026-03-04T15:00:00Z,73000.2,73100.31,72609.2,72746.7,0.90211,65760.0200319,100.0,0.80618,58770.5794364,1301.300000000003,0.018213908803085932,-2.16219,-0.7056065006689946,0.14072634548460816,0.36250794973356604,0.5253402982679793,-0.44004398199998956,0.05184829003998487,0.009739747237126825,0.044165229983460515,0.009054921333863451,0.007683798970834148,0.018290333980034608,1463303.9810511,0.003510726423634837,0.46704355932866204,1.0,0.8092205957441506,1.1178338365391443,1.4837706487921696,10.920250000000001,0.1440465526461765,0.3333333333333333,0.008665685178846694
2026-03-05T08:00:00Z,71895.61,72027.08,71765.53,71765.53,0.32556,23430.1425413,13.0,0.28414,20448.6756504,-885.9900000000052,-0.012195064879578665,0.22155000000000002,2.130083645803288,-0.11162377048584408,-1.8260043828890549,0.5078197050743141,-0.9999999999999444,0.03381837665274334,0.006809351533594772,0.0431109390130812,0.007837261262774745,0.005632437649578509,0.0118149657620796,93125.7445303,0.002938440754253543,-0.011736002256544711,0.3333333333333333,0.7788101575954076,0.7021321176292443,-0.8351372498462308,1.28967,-0.38559819156976394,1.0,0.010206850001665213
2026-03-05T11:00:00Z,73279.2,73565.0,73277.7,73415.73,1.86206,136573.091831,42.0,1.69346,124188.7521397,249.83000000000175,0.00341456880869373,0.81901,0.785206845309429,0.41719509554549356,0.21813475870985874,0.3970809779829467,-0.03912286808221259,0.03254493526738505,0.007085699456650608,0.0437756956343672,0.007857673292143241,0.0058633362660302085,0.01361125197556435,597595.7866644,0.0021035098195942774,0.2555721863844766,0.3333333333333333,0.935069110322599,1.1493627827786712,0.36010711744505586,5.01367,0.8519944890824709,0.6666666666666666,-0.007545385709574748
2026-03-05T12:00:00Z,72932.2,73029.52,72829.22,72861.78,0.27789,20243.5550229,11.0,0.07362,18348.5414349,-553.9499999999971,-0.007545385709574748,-1.58417,-0.8507620592247296,0.5514689245514992,0.4877813175798987,0.2922878614684958,-0.6748876684972095,0.0325985849238448,0.00712599461481048,0.04399249226196099,0.007850037897368196,0.005899924730782188,0.008665173977358234,120497.0505011,0.001611767169639338,-0.46055981943025104,0.6666666666666666,0.9122119970019296,1.3891368439310992,-1.0290297264860433,0.96301,-0.07310418548572081,0.6666666666666666,0.000581649254245642
2026-03-05T13:00:00Z,72932.2,73043.35,72722.09,72904.16,0.98881,72067.3359811,66.0,0.60018,43759.3181771,42.38000000000466,0.000581649254245642,0.71092,2.558278455503976,0.46792206679800524,0.5679845854381841,0.4622701012286163,0.133474444375283,0.03206264051940038,0.006836992382954402,0.04368945936317415,0.007742354587393064,0.005687275850962303,0.00440660724984705,72067.3359811,0.002551785024207542,-0.07468615831161607,0.6666666666666666,0.9415712476581571,0.311202820784341,-0.7178269057017023,1.72067,-0.32552203085934656,1.0,-0.0038283137752359586
2026-03-05T14:00:00Z,72490.46,72625.06,72419.1,72625.06,0.29576,21451.8521523,30.0,0.08891,6451.0426921,-279.1000000000058,-0.0038283137752359586,-0.6930499999999999,-0.7008929925870491,0.3912714747763266,0.3086014230579921,0.3278886872353158,1.0,0.03224122530741113,0.006646945989698102,0.04373587895417039,0.007661907606871882,0.005553936489332669,0.010020497790066994,195391.2966733,0.0013834176765415587,0.09120098999760604,0.6666666666666666,0.8399950152359841,0.3714015843765492,-0.3464253213251531,2.69313,-0.306754319486274,0.6666666666666666,-0.016331965853109143
2026-03-05T22:00:00Z,71177.56,71285.51,71076.28,71103.42,0.18047,10199.9556691,18.0,0.10089,6122.0512447,-216.04000000000815,-0.0030291872652991048,0.11503999999999999,1.758214886137857,0.40956563208589175,0.49756734060662694,0.480217581736584,-0.7405725756344002,0.030175613608168873,0.006306010169655619,0.03790383848646164,0.0074238989494502415,0.00532915665254948,0.007277749662618174,148538.5727266,0.003023995287495461,0.8870304263158334,0.0,0.9787810815145052,0.37977879056690966,-0.8380032525259442,1.16552,0.10871611068890663,0.3333333333333333,0.001373211021354459
2026-03-06T02:00:00Z,71193.04,71276.03,71108.7,71276.03,0.00467,332.7461728,22.0,0.68065,48546.1996391,309.56999999999243,0.004362201524494624,-0.12947999999999998,-0.9651882221393961,1.0,-0.41266560083329484,0.6693423114103821,1.0,0.029687587138111565,0.005597557979080562,0.03753218639497045,0.00709558505793415,0.004879916462319617,0.012172535423199083,345450.58568889997,0.006216802626061233,-0.027669547822004398,0.6666666666666666,0.8943234915621925,1.6898401114070087,1.3317263062160296,4.89165,-0.0856326348093493,0.3333333333333333,-0.0005771926410603756
2026-03-06T03:00:00Z,71256.2,71397.25,71040.17,71234.89,1.35073,96283.7174713,86.0,0.91448,65204.2764481,-41.13999999999942,-0.0005771926410603756,1.34606,288.23554603854393,0.7901809023618672,0.05531743238595702,1.3593122481997262,0.09062394981520941,0.029455549700316146,0.005371471902744196,0.0374749447852473,0.006998362750603231,0.004738026318864831,0.005012712169556263,96283.71747130001,0.00084599780058596,0.5837929240737072,1.0,0.9389708904589352,2.0179047356818,-0.6861784294657703,1.3507299999999998,-0.45100505999093626,1.0,-0.004428869055599138
2026-03-06T05:00:00Z,70528.59,70615.09,70499.39,70615.09,0.31449,11101.5933882,14.0,0.08003,15887.8752179,-304.3099999999977,-0.00429092744721471,0.26608,5.496385044412311,0.6013818171043088,-0.18752089554055498,0.35849105321593056,1.0,0.02936038713819911,0.005229753260638294,0.03754714601019505,0.006881989273584835,0.004679184461255931,0.011547248612159293,43994.999517200005,0.0038633268380175454,0.05076203751623733,0.3333333333333333,0.9722304337409798,0.06243211747495836,-0.9867369382786185,0.62252,-0.5433170878630593,0.6666666666666666,0.0004203067644608094
2026-03-06T09:00:00Z,70799.92,70799.92,70774.39,70774.39,0.67219,13376.3591889,14.0,0.32655,13143.5290463,-218.94000000000233,-0.003083951689546116,0.6695,248.88475836431223,-0.11352881062809429,-2.072887913854349,0.09737832477241115,-1.0,0.024858339429041962,0.004611923334750761,0.036600779823070057,0.006556458365879607,0.004339380744000194,0.0030934918690221466,29649.6419494,0.0018380190289873052,0.7128537156617458,1.0,0.843000974453328,0.09997722646738638,-0.9152981740539455,0.41845,-0.13837396909733712,0.3333333333333333,-0.003900139584389173
2026-03-06T11:00:00Z,70533.98,70625.98,70418.86,70418.86,0.18307,12921.7325754,11.0,0.09125,6442.7918737,-79.5,-0.0011276858071591622,0.027000000000000024,0.1729992951880568,-0.015877084768571546,-1.593756666272162,0.9552918024721478,-1.0,0.02321143863854242,0.00438503784684457,0.03650883643467531,0.0064113761093682765,0.004231231050310994,0.00335899033927249,66356.1539858,0.0020455370634290928,0.21889177193641396,0.6666666666666666,0.7741491191135372,0.821630485066801,-0.8344536359940549,0.5024,0.28164248614235365,0.3333333333333333,-0.002713193596147412
2026-03-06T12:00:00Z,70307.4,70354.0,70200.0,70227.8,0.37137,26084.6095217,16.0,0.30809,21637.8979072,-191.05999999999767,-0.002713193596147412,0.18829999999999997,1.028568307204894,0.17924642842689004,-1.1930964499777164,0.7150485211496488,-0.6389610389610012,0.022108525694188034,0.004275603787104956,0.03634501877676045,0.00633891080182815,0.004181154947283899,0.006065689086088357,69721.1474366,0.0011735472991520083,-0.02849944911147756,0.6666666666666666,0.7083767080386516,0.6101589965668314,-0.2242946394272235,1.60863,0.2897933135062698,0.6666666666666666,-0.00094834239432251
2026-03-06T13:00:00Z,69997.33,70161.2,69997.33,70161.2,0.02855,2001.529777,9.0,0.0168,1177.8358595,-66.60000000000582,-0.00094834239432251,-0.34281999999999996,-0.9231224923930312,0.11629913574833552,-1.1865788528372714,0.756212553549843,1.0,0.022121234055217365,0.004109786038161329,0.03634503265752466,0.006253445641731353,0.004096200845975084,0.00806283231654108,74330.1129963,0.003357886685448734,-0.3141754138093584,0.3333333333333333,0.7754457219817953,0.29291194395301223,-0.5172065833802357,1.06256,0.07230247145604696,0.0,-0.020112398305616175
2026-03-07T15:00:00Z,68028.32,68030.02,68028.32,68046.06,0.04439,3019.8862565,23.0,0.01438,977.8346051,131.33000000000175,0.0019337483930217392,-0.06909,-0.6088297497356363,-0.13049730377471153,0.4830514947907417,0.007805027355842373,1.0,0.010806271478893879,0.0031196932482567773,0.02396453302127391,0.005189750554190328,0.003719935428792409,0.006674449630147554,22243.0028394,0.002449489161982365,0.0220235550973574,0.3333333333333333,0.7612120087152011,0.039729668917222294,-0.505625151415748,0.32774000000000003,-0.3320052496293543,1.0,-0.002236279367240357
2026-03-07T17:00:00Z,67891.11,67931.51,67879.07,67919.49,0.05589,3796.3805834,11.0,0.00777,527.5207586,25.60000000000582,0.00037705896657280746,-0.011500000000000003,-0.1706484641638225,-0.21897827816485171,0.386119287145647,0.2820643842615652,0.5415713196033715,0.009352011379075953,0.002935615793743753,0.02347270951317185,0.005061162842316387,0.0036525837020274015,0.002006849760264338,8125.9261983,0.0011123304145439425,0.6229580345575869,1.0,0.866541846581973,0.017033733788697658,-0.5220492757369003,0.20296000000000003,-0.15236514691793873,0.3333333333333333,-0.004281539805437329
2026-03-07T22:00:00Z,67450.91,67300.0,67128.05,67300.0,0.12634,11959.7569987,15.0,0.0683,6420.3351146,-118.00999999999476,-0.0017504224761305531,-0.015289999999999998,-0.10795735366800818,-0.09525140445512545,0.17511559177894123,0.7230055502606859,1.0,0.010673304336590228,0.0030070266455278927,0.023298936543452345,0.004862486836641575,0.0037348015111523547,0.0030692509474012377,11959.7569987,0.002320936494480003,6.754250453459666,0.0,1.089922563825852,0.44352168016072024,-0.9597443693337367,0.17743,0.04962124102390709,0.3333333333333333,0.000594799405646329
2026-03-08T00:00:00Z,67306.2,67397.0,67189.49,67264.19,0.89178,1278.0911558,18.0,0.00275,185.3492087,-75.83999999999651,-0.001126224624491523,0.74021,4.8836181302368535,-0.6853737422137036,-1.6284411317236631,1.0080069949885202,-0.28003469712296997,0.010578089405124629,0.0027894325678289875,0.02326128978169649,0.004733939900340981,0.003643882928875296,0.0030849996112343693,60038.9519355,0.0011924205892482119,-0.09886838571085349,0.6666666666666666,1.0311985274674547,1.7089630057301965,0.9933057039226452,1.28139,-0.12419175486601647,0.3333333333333333,0.0004140390302773689
2026-03-08T02:00:00Z,67310.63,67373.21,67310.63,67350.71,0.16144,10870.3694323,6.0,0.16138,10866.3299449,58.670000000012806,0.0008718713238595743,0.10196,1.7141896435776731,-0.5076880906385416,-1.6622530040950019,0.3692979522788657,0.2809204218598067,0.010540556380294192,0.002580533718521086,0.022826863717163377,0.004606997621413078,0.00356381411098758,0.003950960576362236,70859.68568489999,0.0007933693200518225,0.5356451492971286,0.3333333333333333,0.9069797845535041,1.3834880345604108,0.7430654356743115,1.05333,-0.014688672504988162,0.0,-0.0060510126767781
2026-03-08T04:00:00Z,66918.59,67073.69,66918.59,67005.8,0.54569,36571.9036084,44.0,0.21889,14673.2699867,62.63000000000466,0.0009355696779822509,0.173,0.46419276073948845,-0.5190250383707873,-1.902779963186938,0.8115886415963368,0.1245647969052628,0.012185545136279504,0.002901294433710877,0.02289704812196294,0.004591615338157457,0.0037267999325365053,0.002314724993955834,53682.9982928,0.00032329082550224057,-0.19888774318866415,0.3333333333333333,1.0070051828628555,0.20357151101170773,0.4175639425998074,0.80111,0.02904365088239841,0.0,-0.0005792035913309013
2026-03-08T05:00:00Z,66967.18,67167.46,66653.21,66966.99,0.16263,10897.7743107,4.0,0.00683,21238.7508844,-38.80999999999767,-0.0005792035913309013,-0.38306,-0.7019736480419285,-0.5523656271795264,-1.8142491017596962,1.9426920025688375,0.2203403014098156,0.01200176322618648,0.0027876445858141786,0.022681839200796805,0.004529295014227884,0.003676536076809072,0.007479741522419287,129062.6952251,0.0026132564399332374,-0.27349920276486483,0.3333333333333333,1.1772165393100313,1.9311279319728434,2.348691874572651,1.9273399999999998,0.08826752010438436,0.3333333333333333,0.002322338214693298
2026-03-08T06:00:00Z,67144.59,67158.36,67110.29,67122.51,0.00422,283.2609126,5.0,0.00342,229.5363756,155.51999999998952,0.002322338214693298,-0.15841,-0.9740515280083626,-0.24716150518699911,-0.14024736577254357,0.18345927791774172,-0.4915747867693202,0.012222977907978456,0.002753133826057222,0.022721284307839117,0.004483290069723062,0.0036652781058348887,0.008638565012806616,70620.0725295,0.0025439795990265185,18.174871662435354,0.6666666666666666,1.2876396354012551,2.532409582816024,-0.1837177082433729,0.5315,0.07758503263242303,0.3333333333333333,0.002864314817786262
2026-03-08T07:00:00Z,67366.97,67373.2,67308.6,67314.77,0.14209,9568.0179781,11.0,0.04216,2839.4655671,192.2600000000093,0.002864314817786262,0.13787,32.670616113744074,-0.31393473314323495,-0.28520567483871756,0.2307623612061693,-0.8089783281731776,0.012046782677782938,0.0027618535610457414,0.02268464938072982,0.004446722514359684,0.003674218324325694,0.002164685807234349,11566.8584873,0.00046771918167527407,0.33628021328870616,0.3333333333333333,1.1595405515346198,0.7387348535020826,-0.9224525617454555,0.11363999999999999,-0.25435327950244413,0.3333333333333333,-0.0006624103447134821
2026-03-08T08:00:00Z,67293.68,67321.41,67288.14,67270.18,0.01272,855.4085768,5.0,0.79242,53436.392591,-44.59000000001106,-0.0006624103447134821,-0.12936999999999999,-0.9104792736997678,0.1573497629108751,1.1397950368127265,0.12233491650070334,-1.0,0.01201293273311711,0.0026556985049412266,0.021553540130745247,0.004386756807597341,0.003629303814819924,0.0037934440172896653,44730.0086028,0.002058674711690262,0.3719139043251649,0.3333333333333333,1.264966062433129,1.0190933032820204,0.09664074153656488,0.66455,-0.1913130584467944,0.3333333333333333,0.007607828609943024
2026-03-08T10:00:00Z,67881.36,68189.23,67946.62,68169.92,0.15469,10519.3035621,7.0,0.08853,6020.7161664,387.95999999999185,0.005723646822841877,-0.03246000000000002,-0.1734437616884853,1.0,2.109609314271536,0.739176357081197,0.8408144759079151,0.015096804837830775,0.0035781332109484547,0.02078833050303099,0.004541661844615371,0.004096676134945006,0.005056357549347078,56626.6202437,0.00200374292870627,-0.22756443510715335,0.6666666666666666,1.2006389257689598,0.7172330814702808,0.2881794808827242,0.83619,0.1807639928689963,0.3333333333333333,-0.004223857091221528
2026-03-08T11:00:00Z,67751.65,68189.23,67751.65,67881.98,1.21068,82390.7629747,11.0,0.94212,64115.7884509,-287.9400000000023,-0.004223857091221528,1.05599,6.826491693063547,1.0,2.829967489883003,1.3872125032362395,-0.4043146396087849,0.015303672943864281,0.0036348485304898656,0.02083875461473162,0.004533480311636478,0.004123143313738294,0.006446187927930237,82390.7629747,0.003444453443176308,0.08694934796621467,0.6666666666666666,1.2131495765232165,0.6154579958154038,0.903637476698128,1.21068,0.037437411325682235,0.3333333333333333,-0.005532690708196619
2026-03-08T12:00:00Z,67498.53,67779.67,66992.67,67506.41,0.81747,54936.8199717,54.0,0.19653,13233.2323951,-375.56999999999243,-0.005532690708196619,-0.39320999999999995,-0.32478441867380314,0.5138149556400514,1.9355989100063145,1.8227648741396631,0.30556543837358385,0.016023486497015422,0.0038233002837714538,0.020625037803828284,0.004564282541171533,0.0042236624109555825,0.005092405298993148,49559.1346791,0.00267096329215784,-0.4822984972739301,0.6666666666666666,1.2260800931505729,0.892072098755325,0.011565377942802985,0.73365,-0.08661441551013893,0.0,-0.005082628449653903
2026-03-08T14:00:00Z,67266.55,67416.69,67100.0,67121.58,0.23516,15811.2536112,10.0,0.17736,8200.876202,-41.720000000001164,-0.0006211725749032393,-0.15253999999999998,-0.39344854268764506,0.20983677765340775,0.8356887497163044,0.5784802920196943,-0.8637153051880287,0.016793040052960756,0.00378342059869837,0.020716155243501462,0.004517660325937778,0.004187789814368413,0.008032875064671567,86355.8658598,0.0035681143518219703,-0.1617600612928476,0.0,1.5262863026777282,0.4764406128362852,0.9080644531620992,1.28726,-0.190719103623531,0.3333333333333333,0.0036685668007219174
2026-03-08T17:00:00Z,66876.56,67174.16,66819.24,67095.35,0.35998,24138.2591787,37.0,0.26901,18032.0118493,84.11000000000058,0.0012551625667573951,0.21907000000000001,1.5546802923852105,-0.1471910749739998,-0.44835332825628116,0.7228194275201658,0.5558999211089523,0.017783913732897696,0.003775334233229053,0.018762019719174648,0.004463009877056624,0.004169421631056147,0.006850668027609018,66114.6026332,0.0006322782052685732,-0.46095107174852457,0.6666666666666666,1.3321346378084522,0.5602878848468175,0.23971025913027424,0.9851099999999999,0.1311250100718333,0.3333333333333333,-0.004117274893118528
2026-03-08T20:00:00Z,67392.9,67459.79,67309.07,67324.35,0.10763,7259.2583138,16.0,0.04432,2989.0308128,-21.319999999992433,-0.0003165756610631343,-0.09256999999999999,-0.4623876123876124,-0.04481363654216169,-0.059834084311966865,0.4430638981705228,-0.7972399150742109,0.01872639553878633,0.004098093791009475,0.01898304989863658,0.004517914330130657,0.004341676588847404,0.009961477533759986,43776.3490075,0.0014472406659599736,0.11908328064884233,0.6666666666666666,0.8023711896087211,0.3585732052606048,-0.39932717889527003,0.65123,0.09153972531309695,0.0,-0.005118059067781622
2026-03-08T21:00:00Z,67025.08,67025.08,66961.69,66979.78,0.15441,7131.2926542,73.0,0.04721,4038.9536767,-344.570000000007,-0.005118059067781622,0.04677999999999999,0.43463718294155895,-0.032828076483084126,-0.01936870497172228,0.18223983363919033,-0.42924751538130945,0.019260119024981065,0.004190126603902106,0.019105325246329522,0.004535821645316166,0.0043910820222284284,0.006469331025035824,120886.41998959999,0.0034774811202893945,-0.1558495972579896,0.0,0.8285838816673202,2.52294645852614,2.1236192796308697,1.79772,0.28138889647368676,0.6666666666666666,-0.014001091075545369
2026-03-08T22:00:00Z,65937.69,66287.65,65804.98,66041.99,0.38747,25618.0193014,33.0,0.22857,15107.1057452,-937.7899999999936,-0.014001091075545369,0.23306,1.5093582021889773,0.12193211488250776,0.19624750806623814,1.0144672682434717,-0.017921146953393023,0.023805329379324027,0.005661930580470081,0.020693375609890704,0.005045482019838147,0.005319209041719845,0.007673998570425697,54216.22530029999,0.0033217924721188692,-0.08508022344640416,0.6666666666666666,0.9203675384469435,2.323082544042876,-0.19946326441200626,0.8097099999999999,-0.35134201544769617,0.3333333333333333,0.0023268529612749944
2026-03-09T00:00:00Z,66206.19,66738.6,66206.19,66400.96,0.73743,48902.7191497,46.0,0.66867,44338.1810839,205.3000000000029,0.003101411784397934,0.6476200000000001,7.211001002115578,0.36914040370911577,0.7106814905290215,1.0549108705559258,-0.26834582370728277,0.02408445557310865,0.00531959736797306,0.020660944401274656,0.004948509678137557,0.005053776153413024,0.009266085095333129,43330.685612,0.0029606532854426974,-0.09245684562921082,0.3333333333333333,1.3461824425422229,3.110531258767811,0.371563368617387,1.21621,0.15756090470130063,0.3333333333333333,0.0033002534903110448
2026-03-09T01:00:00Z,66406.19,66666.44,66406.19,66620.1,0.1944,12944.2838921,14.0,0.09826,6538.2614162,219.13999999999942,0.0033002534903110448,-0.54303,-0.7363817582685814,0.3752326242407933,0.6553634595433441,0.5643112439421957,0.6438808837656368,0.0243052562035713,0.0051867845302860345,0.02074268062418711,0.004910628371098172,0.004952714395128262,0.012800970168640397,184193.048323,0.004085493620791671,0.2877432926761828,0.6666666666666666,1.496194898703436,2.179685875364016,2.551249243981403,2.7799,0.23579092463810325,0.3333333333333333,-0.0078946143881502
2026-03-09T02:00:00Z,66163.95,66163.95,65971.12,66094.16,0.24825,16381.3870515,12.0,0.19392,12796.6843866,-525.9400000000023,-0.0078946143881502,0.05385000000000001,0.2770061728395061,0.43363671989270264,0.7955638021368627,0.3543203638201138,0.27614997666337976,0.025550078979585528,0.005456753557907203,0.021092264200143304,0.005017441291316029,0.005120299756605501,0.007093946830796758,78415.7136407,0.003556882475911234,-0.20955648160095638,0.0,1.562322233269342,2.4458718905831303,0.10537735339827291,1.17998,-0.07168775165186028,0.3333333333333333,0.01922726607010361
2026-03-09T10:00:00Z,68020.04,68043.05,67925.42,67979.47,0.20841,14138.6601166,71.0,0.46484,3841.410207,178.55999999999767,0.002633592970949783,-0.0037599999999999856,-0.017721638308903165,0.45972429153297456,0.9707451785040822,0.24006612379845418,-0.08101674742836401,0.03320092245911517,0.006712886644985066,0.024830411069418537,0.005831565692509417,0.005790623859972081,0.01246674297405569,59507.105595,0.005646696067805155,0.14917272025633813,0.0,0.9208217622863132,0.31125050149657363,-0.5249600901563833,0.87357,-0.24733952594200098,0.6666666666666666,-0.0053489678575016075
2026-03-09T11:00:00Z,67666.62,67687.27,67563.78,67615.85,0.16608,11249.6082502,19.0,0.10189,6901.4973137,-363.61999999999534,-0.0053489678575016075,-0.042330000000000007,-0.20310925579386785,0.344882499238657,0.3979886085478891,0.2886269438125342,-0.1566928496232561,0.033363900937638725,0.006615061570183014,0.025014263156478984,0.005819239175178353,0.005711081759823566,0.00708813096337625,38285.0582808,0.0009603424572857786,-0.42007074738578365,0.6666666666666666,0.7470842478135352,0.4424887748547529,-0.9674488650111362,0.56447,-0.8375598957635715,0.3333333333333333,0.007611381059322575
2026-03-09T12:00:00Z,68160.27,68334.52,68002.18,68130.5,0.69221,5211.1730243,13.0,0.51354,34979.6682714,514.6499999999942,0.007611381059322575,0.52613,3.167931117533718,0.3302388354925615,0.6918152670862044,0.6641022310590039,-0.22777878076671218,0.03376187528362786,0.006697606623998738,0.025345965277368484,0.005874605340286175,0.005764509578432571,0.007544023405362087,137033.8057513,0.002685436721891878,3.27424650008004,0.3333333333333333,0.7308292588599766,0.7618364895588015,-0.20561237545233474,1.05329,-0.24458904230508036,0.6666666666666666,0.0010726473459024
2026-03-10T00:00:00Z,68927.58,69207.55,68901.91,69157.19,0.76262,52661.2817809,41.0,0.12976,8961.0354933,476.3899999999994,0.00693629078286806,0.70028,11.233237086942573,-0.3929206357629946,-1.6675378324822057,0.7700841959392842,0.670461981415993,0.03282288932633827,0.005776808618731491,0.02428510544514137,0.005690350318572351,0.005108754815536592,0.004997007674743872,34767.0537981,0.0012647793902466683,0.26690480166873654,0.6666666666666666,0.7811841634845375,0.08094764034072999,-0.9339892439843241,0.50715,-0.1070167203265318,0.3333333333333333,-0.0005700058085066351
2026-03-10T01:00:00Z,69157.19,69303.15,69045.25,69117.77,0.36643,1978.0047422,26.0,0.04087,2823.8415471,-39.419999999998254,-0.0005700058085066351,-0.39619,-0.5195116834072016,-0.4790979127522917,-2.0496143149450377,0.664502331813138,-0.43761147731674516,0.03266207769586248,0.00554326652303777,0.024286280901334417,0.005612652466669781,0.0049503224929899284,0.013005820503409218,115290.574656,0.004233693807673862,0.3390203960603523,0.0,0.908802600567321,1.712384937219344,0.7783956932350199,1.67259,1.0454608777890828,0.3333333333333333,0.0018506094742349877
2026-03-10T02:00:00Z,69279.25,69356.89,69132.34,69245.68,0.22261,8870.2908853,9.0,0.07655,5299.3345228,127.90999999998894,0.0018506094742349877,-0.14381999999999998,-0.3924896978959146,-0.5607789623904288,-2.150180056427431,0.7676923076923303,0.009485637942572385,0.031739710042315065,0.005342569953475438,0.024298964712098706,0.005543686355844356,0.004819340714234723,0.00801662724969556,75887.582569,0.0028546915649662248,0.11033496445587486,0.3333333333333333,0.7250499437502245,0.8523957131151075,-0.07400001988008767,1.0981100000000001,-0.2696338951381879,0.6666666666666666,0.014666763327329635
