{
  "max_depth": 5,
  "learning_rate": 0.014050908279864625,
  "subsample": 0.8722559437104617,
  "colsample_bytree": 0.8614132247335828,
  "min_child_weight": 5.37147719346367,
  "gamma": 1.3690601326165253,
  "lambda": 0.05211894407176159,
  "alpha": 0.0046272152665386415,
  "n_estimators": 601
}