{
  "model_type": "xgboost",
  "target": "ret_1h",
  "dataset_path": "artifacts/datasets/btc_features_1h_splits.npz",
  "params": {
    "n_estimators": 601,
    "max_depth": 5,
    "learning_rate": 0.014050908279864625,
    "subsample": 0.8722559437104617,
    "colsample_bytree": 0.8614132247335828,
    "objective": "reg:squarederror",
    "n_jobs": -1,
    "random_state": 42,
    "min_child_weight": 5.37147719346367,
    "gamma": 1.3690601326165253,
    "lambda": 0.05211894407176159,
    "alpha": 0.0046272152665386415
  },
  "metrics": {
    "train": {
      "rmse": 0.0049785809220713245,
      "mae": 0.0031837861263780878
    },
    "val": {
      "rmse": 0.003452661500562529,
      "mae": 0.002355453785370029
    },
    "test": {
      "rmse": 0.00534352877871054,
      "mae": 0.0036971448818545983
    }
  },
  "model_path": "artifacts/models/xgb_ret1h_optuna/xgb_ret1h_model.json"
}